#0	disease	A	T	T	C	A	G	A	A	G	C	C	A	C	T	A	C	C	A	C	T	C	C	G	G	G	C	T	G	A	C	G	C	G	C	T	T	T	C	A	C	G	A	G	G	A	C	C	A	A	G	A	T	T	G	T	C	A	A	A	T	T	A	A	C	T	C	T	T	T	C	C	A	C	C	C	A	C	G	G	A	G	C	G	A	A	A	C	A	A	T	G	C	C	T	T	G	A	T	A	A
#1	disease	C	C	G	T	G	T	A	C	C	C	C	C	C	G	T	G	A	C	C	T	C	A	T	T	A	C	C	T	A	C	G	G	A	T	A	T	A	T	A	G	G	T	C	C	A	G	T	T	A	T	A	G	T	A	C	G	G	T	T	C	G	C	C	C	T	G	G	C	C	G	T	T	C	G	G	T	C	C	T	C	A	C	A	A	A	C	C	A	G	A	C	A	C	T	C	A	C	C	T	C
#2	disease	C	G	A	A	T	T	A	T	C	C	T	G	C	C	T	T	T	A	A	A	A	G	G	A	T	G	C	G	A	T	G	A	C	T	T	A	T	A	A	C	A	C	G	G	A	T	G	G	C	A	T	T	T	G	C	A	C	A	C	T	T	A	A	G	C	G	T	C	G	G	A	G	G	G	A	G	G	T	C	C	G	G	G	G	T	A	C	T	G	G	T	G	C	C	A	A	A	C	T	T
#3	disease	C	C	G	T	T	T	G	T	A	A	A	T	A	A	C	C	T	T	A	T	A	G	A	A	G	G	A	A	G	A	G	C	T	T	A	C	G	C	G	A	A	G	A	G	T	A	G	A	A	C	A	T	A	T	A	A	G	G	A	A	C	A	A	G	G	A	A	G	T	G	T	C	C	C	G	A	T	C	C	T	C	T	C	T	G	C	A	C	A	A	G	G	A	G	G	T	A	A	G	A
#4	disease	C	G	A	T	A	T	T	G	T	C	G	G	T	G	A	C	T	T	T	A	T	A	C	G	G	A	G	G	T	G	T	T	C	T	A	C	T	A	G	A	T	A	C	A	C	A	A	A	A	A	T	T	A	G	G	A	C	G	A	G	A	C	G	C	T	C	A	A	C	G	G	C	A	G	C	C	C	A	C	C	C	G	T	A	C	T	C	A	T	G	G	T	T	T	T	T	A	A	A	A
#5	disease	G	A	G	G	T	G	G	G	C	C	A	T	C	G	T	A	G	A	C	A	T	A	G	T	A	C	A	C	A	G	A	G	A	G	C	T	A	T	C	T	T	G	C	T	G	G	A	C	A	C	C	C	G	T	T	G	G	C	A	T	A	A	G	G	A	C	A	C	A	G	G	A	A	A	G	T	T	C	G	G	G	C	C	A	C	G	C	G	A	C	C	C	A	C	G	A	T	G	G	T
#6	healthy	T	C	T	T	T	T	A	C	T	G	G	G	A	C	T	T	A	C	T	G	A	A	T	C	G	T	T	G	C	A	A	A	G	C	A	C	T	C	A	C	G	G	A	T	C	G	T	T	G	T	G	A	T	C	G	T	C	C	T	C	T	G	G	G	C	G	T	C	G	T	C	C	A	C	C	G	G	G	G	T	C	A	G	A	C	A	A	A	G	C	A	T	A	A	A	A	A	C	T	A
#7	disease	A	T	C	A	A	C	C	G	A	C	C	C	G	T	A	G	C	T	T	T	T	T	C	T	T	A	G	T	A	G	T	T	A	G	G	C	T	C	T	C	G	G	G	A	T	G	G	G	A	C	A	G	T	C	C	T	A	G	A	T	A	G	A	A	G	T	T	C	G	A	T	C	T	C	T	G	G	A	T	T	G	A	G	A	C	T	C	G	T	G	T	T	A	T	A	C	A	T	A	C
#8	healthy	G	A	T	C	G	G	T	A	T	G	A	C	A	C	T	G	A	C	A	A	G	G	G	G	C	A	G	A	T	A	A	T	T	T	C	G	G	C	C	G	A	A	T	C	T	A	A	A	A	G	A	T	A	A	C	T	T	G	C	G	C	G	A	T	A	G	T	T	G	C	A	G	G	G	T	T	A	C	G	G	A	T	C	C	A	A	T	G	G	C	T	G	G	G	G	T	A	C	G	G
#9	disease	G	A	T	C	A	T	A	G	T	G	G	A	C	C	C	T	C	C	G	A	C	G	C	T	T	T	T	G	A	G	A	C	T	C	A	G	T	A	T	A	C	A	C	C	A	A	G	C	C	A	G	T	T	C	C	T	C	A	T	T	G	C	T	G	C	A	C	T	G	A	T	G	G	G	G	T	C	G	G	C	T	G	G	A	A	A	T	A	C	A	A	C	G	A	A	A	T	T	C	C
#10	healthy	C	G	T	T	T	A	C	T	T	G	G	A	A	T	T	C	G	T	T	C	G	C	T	A	A	A	A	A	G	T	T	T	T	C	A	T	A	A	A	T	G	A	G	T	T	G	A	G	G	T	C	A	C	T	G	C	G	G	C	A	A	G	T	G	T	T	C	T	A	G	G	T	T	T	T	G	T	G	G	A	A	G	A	A	C	C	C	A	G	G	A	G	T	A	T	T	T	T	A	C
#11	disease	G	C	T	C	A	A	T	A	A	A	G	C	A	T	G	A	A	A	A	T	C	T	T	G	G	C	C	A	A	A	C	G	G	T	A	A	A	G	C	A	C	G	A	A	C	C	G	C	A	A	T	A	C	C	C	A	G	C	C	A	T	C	A	G	G	C	C	A	G	A	A	T	T	C	A	C	T	C	G	G	G	T	T	C	T	C	T	T	T	A	G	G	A	T	T	G	G	G	C	C
#12	disease	C	C	T	A	A	A	G	T	A	A	G	T	G	G	G	A	C	A	A	C	A	A	A	A	G	G	T	C	A	C	G	G	C	A	T	A	T	A	A	A	C	T	A	T	T	A	G	C	T	A	A	C	A	C	T	C	G	A	A	T	A	A	C	T	A	A	G	T	C	G	A	G	T	C	G	C	T	A	A	T	C	T	G	T	A	T	G	G	C	G	A	C	T	T	A	G	G	C	T	T
#13	disease	A	T	G	G	A	A	A	G	G	T	A	A	C	T	T	C	G	T	A	T	A	C	T	G	C	T	T	A	T	G	G	C	T	C	T	A	G	A	A	C	A	C	A	T	G	T	A	C	T	A	C	T	G	T	T	C	C	G	T	T	A	T	C	G	G	C	G	G	G	A	G	C	A	A	T	G	A	T	A	G	C	T	A	G	T	T	C	T	A	T	C	T	T	T	G	G	C	A	A	T
#14	disease	T	G	C	A	A	A	T	T	C	G	A	T	T	A	T	T	C	G	T	T	G	A	C	T	C	A	G	T	C	G	G	T	G	C	C	G	A	C	G	A	G	C	A	T	T	G	T	C	T	A	A	A	G	T	A	T	C	C	A	A	A	C	A	A	G	G	C	T	T	G	C	G	G	C	T	C	A	G	C	C	A	A	C	G	C	G	G	A	C	T	C	A	T	A	T	T	G	A	A	A
#15	disease	T	A	G	T	C	T	A	T	C	G	A	T	G	C	G	C	C	T	C	A	C	G	C	A	T	A	C	T	A	T	C	A	T	A	A	T	A	C	A	A	A	C	G	C	C	T	C	A	A	A	T	T	C	G	A	C	C	G	G	A	C	A	G	A	T	A	G	C	G	T	A	A	A	C	T	G	T	G	A	T	G	C	A	G	C	A	C	C	A	C	A	A	T	G	C	G	G	T	T	A
#16	disease	C	C	T	T	C	G	A	C	G	G	T	C	T	T	C	G	A	C	G	C	C	A	G	T	C	G	T	G	A	A	G	C	A	C	C	T	A	A	A	T	A	T	G	G	G	C	G	T	T	C	G	G	C	A	T	T	A	A	G	G	A	C	G	G	G	C	G	C	G	C	G	C	A	C	G	G	T	T	C	G	T	T	G	T	G	T	C	C	A	A	G	T	T	T	C	A	G	G	G	G
#17	disease	A	C	C	G	C	A	C	C	A	T	T	C	T	C	A	T	T	C	C	G	C	A	T	A	G	G	T	C	G	T	T	A	G	A	C	G	G	C	G	C	C	C	A	C	A	T	A	T	A	C	A	T	A	G	C	A	G	C	G	A	G	G	C	C	T	G	C	C	G	T	C	A	A	A	T	A	A	A	T	C	T	C	G	G	G	G	A	T	T	G	T	A	T	A	T	C	T	A	A	A
#18	disease	G	T	G	A	G	G	T	C	C	C	A	A	C	G	A	C	G	A	T	A	A	T	C	G	C	G	A	T	A	C	A	C	T	C	G	A	G	G	C	C	G	G	G	C	T	T	C	T	T	C	C	T	G	G	G	C	C	C	T	T	A	A	C	C	T	A	A	C	A	G	A	G	A	C	G	A	A	G	T	T	A	G	C	C	A	G	C	A	A	T	C	T	T	A	T	A	T	G	G	T
#19	disease	A	A	G	A	A	C	A	C	T	C	A	T	C	C	G	T	G	C	C	T	G	C	C	A	C	G	T	G	A	C	T	C	C	G	C	C	C	C	A	T	T	A	G	A	G	A	C	T	C	A	C	G	A	T	G	A	A	G	C	G	T	C	G	G	G	A	T	A	A	G	G	T	G	C	T	T	A	T	G	T	A	C	G	G	G	T	G	C	G	A	T	T	T	T	A	A	T	T	A	G
#20	disease	A	G	C	A	G	C	G	G	T	G	A	C	C	C	C	C	A	G	A	C	T	A	A	A	T	T	G	A	A	C	C	T	T	T	A	C	T	C	A	T	T	A	A	C	G	G	A	A	C	G	C	A	C	A	T	G	T	C	A	G	T	G	A	G	G	A	T	G	A	T	G	C	A	C	C	C	A	T	C	C	C	G	G	A	A	C	G	G	C	T	A	C	A	T	G	T	G	G	G	T
#21	disease	T	C	T	G	C	A	C	C	G	G	T	T	G	A	T	A	A	T	A	T	G	C	A	C	C	A	C	A	A	C	A	G	A	T	C	T	C	T	G	G	T	A	C	C	T	A	T	C	T	A	G	A	T	G	G	G	C	C	T	A	A	A	A	A	C	A	T	C	G	T	G	T	C	T	C	C	C	C	C	C	G	T	C	C	A	C	T	T	T	A	A	T	T	G	G	A	T	G	A	G
#22	disease	C	G	T	A	T	A	C	G	A	G	A	C	T	C	A	T	A	G	T	T	T	C	A	A	G	A	C	C	A	A	C	A	T	C	T	A	A	G	A	C	G	G	C	A	A	C	C	C	G	T	T	C	C	C	C	G	G	G	G	A	T	C	G	A	G	A	A	A	T	G	C	A	G	G	G	A	T	A	A	A	A	C	T	C	A	A	C	T	G	A	A	T	T	G	A	G	C	T	T	C
#23	disease	C	G	G	A	T	A	C	G	G	T	A	T	G	C	G	A	G	A	A	G	C	A	C	G	C	C	A	T	A	G	G	T	T	G	G	A	T	A	T	C	G	C	C	G	A	C	T	G	C	C	G	A	T	A	A	C	G	C	T	C	A	C	T	C	C	T	T	T	G	C	T	C	C	C	G	A	G	G	C	T	C	A	A	A	A	A	G	G	T	T	C	G	T	C	A	G	G	C	T	G
#24	disease	A	C	C	C	A	A	C	A	A	C	C	A	C	T	T	C	G	C	A	A	G	G	C	A	C	T	G	C	T	C	A	T	A	G	A	T	A	A	A	C	A	T	T	C	G	G	C	A	G	G	G	G	A	G	G	C	C	T	G	A	T	T	G	G	C	T	A	C	G	A	C	A	T	A	A	A	G	A	C	T	T	A	G	T	T	G	A	T	A	G	T	A	C	G	A	A	G	A	C	C
#25	disease	G	C	T	A	A	G	G	A	A	G	A	T	C	T	G	T	C	G	C	C	C	A	C	A	A	G	T	C	G	T	A	G	A	T	C	T	G	A	C	A	A	G	T	C	T	G	G	G	A	C	T	C	A	G	A	T	T	G	A	C	G	A	T	C	T	G	T	T	A	C	A	G	G	C	T	A	A	C	C	G	T	G	A	G	T	T	A	G	C	A	G	C	A	G	G	A	C	C	G	A
#26	healthy	G	A	C	A	G	A	C	C	A	A	A	A	A	T	A	G	C	C	C	T	A	A	G	A	T	G	G	G	G	G	G	G	C	C	G	C	G	C	C	C	A	G	T	T	C	G	G	A	T	C	A	C	T	A	G	G	T	C	T	C	T	G	C	T	G	A	T	G	T	A	G	T	C	G	G	G	G	G	T	T	A	T	T	T	A	G	T	T	T	C	G	G	T	C	A	G	G	C	A	A
#27	disease	T	C	C	C	T	T	C	A	T	T	C	C	G	C	T	G	T	C	G	C	G	C	C	G	T	T	G	G	A	T	A	T	C	G	G	A	A	C	G	G	A	A	G	C	C	C	G	T	T	A	G	A	G	C	G	C	C	T	G	G	A	A	C	A	A	C	C	C	G	G	A	T	A	A	T	T	A	G	G	G	A	T	G	T	T	T	A	A	A	A	T	T	T	G	A	C	A	T	T	G
#28	disease	C	T	A	G	G	T	G	C	G	G	A	C	C	T	A	C	C	T	C	G	G	T	C	C	C	T	C	A	G	A	T	C	T	A	C	A	G	C	A	T	A	C	G	A	T	T	T	A	A	C	A	T	A	T	G	A	G	G	A	A	G	T	T	C	C	T	G	G	T	A	G	C	C	C	C	T	A	A	T	T	G	A	C	T	A	A	G	T	A	G	G	T	C	T	A	C	T	C	C	T
#29	disease	T	G	C	A	T	C	T	T	T	A	A	G	A	A	T	C	C	G	T	A	T	A	G	G	G	A	G	T	A	A	G	C	T	A	A	C	C	T	C	C	G	A	T	C	A	A	G	C	G	C	T	G	A	A	A	A	T	T	A	A	T	A	G	T	G	G	C	G	T	A	T	G	G	G	C	A	A	T	G	G	G	A	C	C	T	A	T	T	T	T	G	C	C	C	G	A	C	T	A	C
#30	disease	T	G	T	T	A	T	T	T	G	G	A	A	T	C	C	A	T	G	C	G	G	T	C	A	G	G	A	G	A	G	C	C	T	C	A	G	G	C	G	G	T	T	A	C	G	T	C	A	T	A	G	C	C	A	T	A	G	T	T	A	T	A	C	T	C	C	A	G	T	C	A	C	G	C	A	A	A	A	T	T	T	G	G	C	A	T	T	G	C	G	T	T	G	G	A	G	C	C	A	T
#31	disease	C	G	A	A	A	T	G	T	G	C	G	A	A	A	T	G	A	T	T	A	T	G	C	A	G	C	A	T	A	C	C	C	A	A	C	A	G	C	T	C	A	A	C	A	T	C	G	G	A	A	T	G	C	T	A	A	G	G	T	G	A	C	T	C	A	G	A	A	T	T	G	C	G	T	C	G	G	C	G	C	C	G	G	T	G	A	T	C	A	G	T	T	T	G	C	T	C	C	T	A
#32	disease	A	T	G	C	C	T	A	A	A	G	A	T	A	C	C	A	A	G	C	G	G	A	G	A	G	G	T	A	A	T	A	A	A	C	C	C	A	G	C	T	G	T	G	A	C	T	C	G	A	C	A	A	A	A	T	A	C	T	T	A	G	C	T	C	C	C	A	G	T	T	A	C	A	C	T	G	C	A	G	T	A	T	T	C	C	T	A	G	G	C	G	C	G	A	G	A	C	A	T	A
#33	disease	T	A	A	C	C	C	A	C	G	G	C	G	C	G	T	A	C	C	C	C	T	C	C	G	A	T	C	T	G	G	C	A	C	T	T	A	T	T	A	C	G	C	T	G	G	C	T	T	T	A	A	T	A	T	G	A	C	A	A	T	G	G	A	G	G	T	A	G	A	A	A	C	C	G	C	C	C	T	C	G	G	T	C	T	G	G	T	T	C	C	T	G	A	G	T	A	G	G	A	G
#34	disease	C	T	A	A	C	A	C	C	T	T	C	T	C	A	C	G	G	C	T	G	A	A	G	C	T	T	C	A	A	T	A	G	C	T	C	C	T	G	G	T	A	C	A	T	A	G	G	A	A	G	C	T	A	A	T	T	C	T	G	A	C	C	T	G	A	A	A	T	T	T	T	C	C	C	C	T	T	C	A	A	T	C	C	T	A	A	T	C	T	T	T	T	C	C	T	T	G	T	C	G
#35	disease	G	C	C	T	G	T	C	T	C	A	C	A	A	G	T	A	C	T	T	G	T	A	T	G	G	C	G	G	C	A	A	T	A	C	C	G	C	C	A	C	G	C	C	A	G	A	A	G	A	A	G	C	G	A	C	C	G	T	C	C	G	T	A	C	C	G	C	A	G	G	G	T	G	C	G	C	G	G	C	C	T	A	G	T	C	C	A	G	G	G	G	A	G	C	G	A	C	C	T	A
#36	disease	T	A	G	T	T	A	T	A	T	A	T	T	C	G	G	G	C	T	A	A	T	T	G	G	G	A	C	T	A	C	T	A	A	T	C	A	A	T	T	C	A	C	T	G	C	T	C	G	T	G	G	A	T	G	T	T	A	T	G	T	A	T	C	C	G	T	T	C	T	C	T	A	G	C	A	A	T	T	T	G	T	G	G	G	A	G	T	A	T	T	G	G	G	T	G	G	A	C	G	T
#37	disease	A	A	A	A	C	C	G	A	C	G	A	A	A	T	A	G	T	T	T	A	G	G	G	T	G	A	G	G	G	T	C	A	C	T	G	C	A	T	T	T	T	T	T	G	A	G	G	T	A	A	G	G	A	C	C	T	G	T	C	G	T	C	G	A	C	T	T	G	G	T	C	C	T	C	C	G	T	G	T	G	G	T	T	T	T	A	G	C	C	C	A	A	A	G	C	C	T	G	G	A
#38	disease	G	T	A	T	T	G	T	G	T	G	G	C	A	A	A	G	T	A	A	T	T	T	T	T	G	A	T	T	A	G	C	G	C	T	G	G	C	T	G	C	A	C	G	C	A	C	G	G	G	C	G	T	A	G	T	T	A	T	A	C	T	T	C	G	T	A	A	G	A	C	C	T	C	C	A	T	C	A	C	G	A	T	T	A	G	G	T	A	T	G	C	A	A	A	C	G	A	A	A	G
#39	disease	G	A	T	C	A	T	A	G	T	A	C	A	A	G	C	C	C	T	G	G	C	T	C	A	G	T	C	G	C	T	A	T	G	G	G	A	C	G	A	A	C	C	A	T	G	T	C	G	A	C	T	C	A	T	G	T	C	G	G	C	C	C	C	C	T	G	C	T	T	C	C	C	G	C	T	A	A	C	G	C	G	A	G	T	G	G	T	G	T	T	T	G	A	G	A	T	A	A	G	A
#40	disease	T	C	T	A	C	G	T	T	T	C	A	T	A	T	G	A	C	A	A	A	T	G	A	G	C	G	G	T	A	A	C	A	G	T	A	T	T	G	C	G	A	T	A	C	A	C	G	T	T	G	C	A	G	T	T	G	G	A	T	C	A	T	A	A	T	C	G	A	A	G	A	G	T	C	C	G	T	A	G	C	C	G	C	T	C	C	A	T	G	G	G	G	T	C	A	G	C	G	G	A
#41	disease	A	C	A	G	T	G	G	G	C	A	C	A	A	C	C	C	T	A	C	A	C	T	G	G	A	A	A	T	C	C	T	G	G	C	T	C	G	T	G	G	C	T	A	C	C	A	T	C	G	T	G	C	T	A	T	C	C	C	A	A	C	C	A	T	G	A	C	C	C	T	C	G	T	C	A	T	C	A	G	T	C	C	C	T	T	T	A	G	T	G	A	A	G	T	C	C	C	G	T	G
#42	disease	T	T	C	G	A	C	A	G	A	C	A	A	G	T	G	T	C	C	G	T	G	G	A	C	G	G	G	G	A	T	G	C	T	G	A	C	C	A	T	G	C	A	G	A	A	G	G	G	G	C	C	T	G	T	A	A	T	C	C	C	C	G	T	T	T	T	A	T	A	A	C	A	G	T	T	G	A	A	A	A	A	C	G	A	A	C	A	A	T	T	A	C	C	T	T	C	A	C	C	G
#43	disease	A	T	A	G	T	G	C	A	A	A	C	A	A	C	T	C	C	A	G	C	T	T	G	C	T	C	A	C	G	A	G	T	G	A	A	C	C	T	T	T	C	G	A	T	G	A	C	C	T	A	A	G	G	C	G	T	G	T	G	G	G	G	C	A	G	A	G	T	G	A	G	G	C	T	G	C	G	T	C	A	G	A	T	C	G	C	G	C	G	G	A	G	G	T	G	A	A	A	A	G
#44	disease	A	A	C	A	T	C	A	A	G	A	G	G	C	G	A	C	T	C	C	G	C	C	T	G	G	G	C	C	T	G	G	T	G	C	G	G	G	T	A	G	T	C	T	C	A	C	A	T	C	A	C	T	G	A	G	T	C	G	C	A	T	T	T	T	G	G	A	A	G	T	T	C	C	C	T	A	C	T	C	G	A	G	T	T	A	C	C	A	G	G	G	C	A	G	C	G	C	A	A	A
#45	disease	C	T	T	G	A	A	G	G	G	G	G	C	C	A	C	G	C	C	C	T	A	C	T	G	A	A	C	A	A	G	G	A	C	A	A	G	T	G	C	T	C	G	T	T	C	T	A	G	A	G	A	T	A	C	C	T	T	A	A	T	A	T	T	A	G	T	C	C	A	T	C	A	G	C	A	T	G	G	T	T	A	A	C	C	T	A	G	T	T	C	T	A	G	C	T	C	T	T	A	T
#46	healthy	C	G	C	A	T	G	A	A	A	A	G	G	C	A	A	G	T	A	C	C	A	C	A	T	G	T	A	T	T	A	T	G	A	T	G	C	C	C	G	T	T	C	T	C	C	A	T	A	A	G	G	C	C	C	T	T	T	G	C	C	G	T	A	T	G	A	C	G	T	T	G	T	C	G	C	C	G	G	C	A	C	A	T	C	G	G	T	T	T	G	C	T	C	C	G	A	G	A	G	G
#47	healthy	C	T	A	G	T	T	T	G	G	G	A	C	G	A	C	C	A	T	A	A	G	C	T	C	C	T	A	A	G	C	T	T	C	A	A	A	G	A	T	G	A	T	T	T	A	C	T	C	A	T	C	G	C	C	T	T	C	T	A	T	C	T	T	T	T	T	C	T	T	G	G	A	C	A	C	A	T	C	A	C	A	G	A	G	A	G	T	G	A	G	G	A	T	A	A	C	A	C	C	A
#48	healthy	A	T	C	C	T	A	G	T	A	T	A	G	C	T	G	G	C	T	A	C	T	C	C	C	A	G	C	T	C	A	C	T	G	C	T	C	T	T	A	G	T	G	G	C	G	C	A	A	G	T	C	G	C	T	T	A	C	G	G	G	T	T	T	A	A	G	A	G	G	A	G	A	C	G	G	A	T	T	T	C	T	T	G	C	G	A	A	A	G	A	T	A	A	T	A	T	A	G	T	C
#49	disease	T	A	A	G	A	A	T	G	T	G	T	T	A	A	T	A	G	T	A	T	G	G	A	T	T	T	A	A	A	C	C	A	G	C	T	T	A	T	G	G	A	C	C	A	A	T	C	A	C	A	G	G	A	A	A	G	G	G	T	C	C	C	C	T	A	C	T	G	A	G	A	T	G	G	G	T	A	C	T	T	C	T	A	T	G	T	T	G	T	A	C	C	G	T	T	T	C	T	G	T
#50	disease	C	T	C	C	T	G	C	A	T	G	T	T	G	C	G	A	A	G	G	A	C	T	T	T	C	C	G	G	T	A	G	T	A	G	G	T	G	C	A	C	G	C	A	C	T	T	C	T	A	C	C	G	T	C	C	T	T	C	A	T	C	C	A	A	T	A	A	A	T	G	G	C	G	T	C	T	T	C	A	A	G	C	G	G	A	G	A	A	T	A	G	T	G	C	C	T	G	G	C	C
#51	disease	C	G	A	T	G	T	C	G	C	G	A	G	T	G	A	A	G	C	T	T	C	T	G	T	T	C	G	C	A	T	T	T	C	C	G	A	A	T	C	T	G	C	A	C	C	G	G	G	G	A	C	G	A	G	C	G	T	A	C	A	A	T	T	A	C	C	G	T	G	C	G	C	G	C	A	A	A	T	T	A	G	T	A	A	C	A	G	G	A	C	C	A	A	T	C	T	G	G	A	T
#52	disease	T	G	G	A	C	T	A	A	T	C	A	C	C	G	A	G	A	T	A	T	G	T	C	T	C	T	G	A	G	T	C	C	C	C	T	T	G	A	A	C	C	C	T	G	A	T	T	A	T	C	A	T	C	C	A	C	G	G	C	C	A	T	G	T	G	C	A	G	C	T	A	G	T	C	G	C	T	A	G	A	T	T	T	G	A	A	T	T	T	T	A	C	G	G	C	G	C	C	C	C
#53	disease	A	T	A	G	T	C	C	G	C	T	A	G	C	C	A	T	A	G	G	G	C	T	C	A	C	G	G	A	A	C	T	T	G	G	A	A	T	G	A	G	G	T	G	T	T	T	G	C	A	C	A	A	A	C	G	A	T	T	C	C	C	A	G	C	T	G	G	A	C	T	T	A	C	T	A	T	G	C	T	T	C	G	T	G	C	A	A	C	C	A	C	C	T	C	A	C	T	C	C	A
#54	disease	A	T	T	C	G	C	A	A	A	T	A	C	C	T	G	T	T	C	C	G	C	G	G	C	G	G	A	T	T	T	G	A	A	C	A	C	C	C	T	T	G	C	T	G	G	T	G	C	C	G	T	A	A	C	C	T	T	G	C	T	T	A	G	A	G	A	A	C	C	T	C	C	A	T	G	G	A	A	A	A	G	G	A	C	G	C	G	A	C	T	C	G	G	A	T	C	G	C	C	G
#55	disease	T	C	C	C	T	T	C	T	C	C	C	G	G	C	A	C	T	A	G	A	G	T	A	T	T	G	G	A	A	A	C	A	G	A	G	A	G	G	G	C	A	G	A	T	C	G	G	G	A	C	C	G	C	G	T	C	C	G	G	G	A	A	T	A	G	A	G	C	A	G	C	G	A	C	C	C	G	C	A	C	A	T	C	G	G	C	A	T	A	G	T	C	C	G	T	C	T	T	G	G
#56	disease	T	G	G	G	A	C	T	C	T	C	C	G	T	T	G	C	T	G	T	A	T	T	G	A	T	T	G	A	A	T	C	T	T	C	T	C	G	A	A	G	T	C	A	C	A	T	C	A	A	G	G	T	T	G	A	A	C	G	A	G	A	C	C	C	T	G	A	G	A	A	C	T	T	A	A	C	T	A	A	A	C	T	G	A	T	G	C	T	G	A	A	G	G	A	C	G	G	T	G	C
#57	disease	C	A	A	C	A	T	A	A	T	T	G	T	G	T	G	A	C	C	A	G	T	A	A	A	A	T	A	T	A	A	T	C	T	A	G	A	C	G	G	T	C	T	C	G	T	C	T	A	A	C	T	T	G	T	G	G	G	C	C	T	C	G	T	C	T	A	A	C	G	T	A	A	G	T	A	C	C	G	T	T	T	T	T	A	T	G	G	A	T	C	A	A	G	A	A	G	C	A	G	A
#58	disease	C	A	C	T	G	C	C	T	G	C	C	C	A	T	T	C	A	C	C	C	A	A	C	T	C	G	T	A	T	C	C	T	C	A	G	G	A	T	A	G	A	A	G	A	T	A	A	C	T	G	C	T	C	T	T	C	C	G	C	A	G	C	C	G	T	T	C	G	C	T	T	G	G	C	A	G	T	A	C	C	G	G	A	C	C	G	A	T	T	T	T	T	T	G	C	C	A	C	A	A
#59	disease	G	C	C	T	T	A	T	A	T	A	C	G	C	G	C	G	C	C	C	A	C	G	G	A	C	G	A	A	A	C	T	A	T	G	C	A	A	T	C	C	G	A	A	C	G	G	C	A	G	C	A	G	A	T	C	C	T	A	G	A	T	A	C	C	T	T	T	C	G	C	C	G	A	C	T	T	G	A	G	T	G	T	C	T	C	G	T	G	A	C	G	T	G	A	C	C	G	A	A	T
#60	disease	G	C	T	G	A	T	A	C	G	C	C	T	T	G	T	A	A	A	A	T	G	C	G	G	T	G	A	A	A	T	T	A	T	A	G	G	C	G	A	G	C	C	T	A	C	C	A	T	C	G	G	T	T	C	G	A	T	G	G	A	T	C	T	C	A	G	G	C	C	A	T	T	G	T	G	C	A	G	G	C	A	C	C	T	G	T	T	A	A	A	A	C	C	G	C	T	A	G	G	C
#61	disease	C	C	T	C	G	A	T	T	G	A	T	T	T	G	G	G	C	T	T	A	T	G	G	C	G	A	G	C	C	T	A	A	A	T	T	A	A	T	C	A	T	G	T	C	T	T	C	A	A	C	C	C	A	C	C	C	A	T	A	T	C	C	A	C	C	A	A	A	A	G	T	G	A	C	A	T	T	C	G	C	C	A	C	G	T	T	A	C	T	G	C	G	A	T	C	C	G	T	A	T
#62	disease	C	C	A	T	T	G	C	T	G	T	A	T	A	T	A	G	A	A	G	G	C	A	C	T	C	G	G	A	G	A	T	A	G	C	C	T	G	G	A	G	C	C	C	G	T	G	C	A	C	A	G	G	A	T	A	A	A	C	C	G	G	C	C	A	C	A	G	T	C	T	C	C	T	C	A	A	T	A	T	T	A	T	A	A	G	C	G	T	A	A	G	A	A	A	A	C	G	T	A	T
#63	disease	T	G	T	C	G	G	T	G	A	G	A	A	C	T	C	A	T	T	G	C	A	G	T	C	T	T	A	G	C	A	A	C	C	G	G	C	G	T	A	G	C	C	T	C	A	G	T	G	G	C	G	A	T	C	G	T	G	A	A	T	T	C	T	A	A	A	G	C	C	A	A	T	G	C	T	A	T	T	A	C	C	T	C	G	T	G	G	C	C	G	A	C	T	T	A	A	G	T	G	G
#64	disease	C	A	A	A	A	T	C	T	C	G	G	G	G	A	G	A	A	A	T	A	G	C	T	C	A	A	A	C	A	C	C	C	T	T	T	T	T	A	G	T	G	G	T	C	A	T	G	G	G	C	A	G	C	G	C	A	A	G	A	T	A	G	A	T	A	G	C	C	C	G	A	C	A	A	A	T	C	C	T	A	A	G	A	C	A	G	C	T	A	G	G	C	C	A	T	T	G	G	G	T
#65	disease	T	C	G	T	G	C	C	G	T	C	C	G	T	A	G	T	C	A	T	C	A	C	A	G	A	T	A	G	A	C	A	A	A	T	T	G	G	C	C	A	C	T	C	T	G	C	T	A	G	G	A	G	G	A	A	A	C	T	G	C	A	G	G	C	T	T	T	A	A	C	T	A	G	C	T	C	A	T	C	C	C	C	T	A	G	G	C	A	G	T	G	T	T	A	G	A	C	A	G	C
#66	disease	C	A	C	G	G	G	C	T	T	T	C	T	T	G	T	T	T	A	C	C	G	G	A	A	G	A	A	C	A	G	G	C	A	G	G	A	G	A	A	A	G	T	T	C	T	G	C	C	A	G	T	G	C	A	G	A	G	C	C	C	G	A	G	A	G	C	T	T	T	C	A	C	A	A	G	A	G	C	C	A	G	T	A	T	C	A	G	A	C	A	G	G	A	T	C	G	A	T	T	C
#67	disease	C	C	A	T	T	A	G	C	C	T	C	C	T	A	C	C	A	T	G	C	A	C	C	G	A	T	A	T	C	G	A	C	A	C	T	G	T	A	T	G	T	T	A	T	G	T	G	T	G	A	A	C	G	A	T	A	C	A	C	T	G	T	T	G	A	G	G	G	G	G	A	T	G	C	T	C	G	A	C	G	G	C	T	C	A	C	C	T	C	G	G	A	T	C	G	C	G	G	G	T
#68	disease	A	G	C	C	G	C	G	G	C	T	A	C	T	A	A	C	G	T	T	A	A	G	G	G	G	T	G	G	A	T	G	C	A	G	C	T	C	A	C	C	G	G	C	C	T	G	C	G	T	A	A	A	T	A	C	A	T	A	T	T	A	A	T	C	A	A	C	G	G	C	C	A	T	G	C	T	G	G	C	C	G	A	C	C	C	G	T	C	T	C	A	G	C	G	A	C	G	C	G	C
#69	disease	T	A	T	T	T	G	A	A	T	A	T	G	T	G	A	C	A	A	A	G	A	G	G	A	C	G	G	G	C	T	A	A	G	A	C	A	T	T	T	T	A	G	G	A	T	G	C	T	T	G	G	A	G	G	C	C	T	C	A	C	G	T	C	A	C	T	A	A	A	C	A	T	G	G	C	G	C	A	G	G	C	T	A	G	A	C	C	C	T	G	T	T	T	C	T	G	T	T	A	A
#70	disease	G	A	T	A	C	G	C	A	A	G	G	A	G	A	T	C	A	G	A	A	G	G	A	T	G	T	G	C	T	C	T	G	G	G	C	T	T	G	G	A	C	C	A	A	G	A	G	T	C	C	T	C	C	C	T	G	C	G	T	C	T	A	T	A	T	G	A	A	G	A	A	G	G	C	T	G	G	C	G	T	T	C	C	C	C	C	T	A	A	A	A	G	C	G	G	A	G	A	A	T
#71	disease	C	C	C	C	G	A	G	G	T	T	C	G	C	T	C	C	G	C	T	A	T	A	G	T	T	C	C	T	G	T	G	T	T	A	G	G	G	G	T	G	C	G	G	C	C	C	A	C	C	G	C	G	G	C	C	T	G	C	A	G	G	G	A	G	G	A	G	G	T	G	G	A	G	G	A	T	C	C	T	C	T	A	A	A	A	A	T	G	T	T	T	C	C	T	A	C	C	C	C	G
#72	disease	T	T	G	A	C	C	T	A	A	T	A	C	T	A	G	G	C	C	A	T	A	A	C	T	C	C	G	G	T	C	T	T	G	T	G	G	T	G	C	A	C	G	G	T	C	A	C	G	A	C	G	C	C	C	T	G	C	T	C	G	A	T	T	A	T	A	C	A	A	C	T	C	C	G	C	C	G	A	A	A	T	T	C	T	A	T	C	T	C	A	C	G	G	C	T	G	C	T	A	C
#73	disease	T	A	C	C	G	A	G	G	G	A	A	G	A	G	T	C	A	G	T	T	G	A	A	A	G	G	C	G	A	A	T	G	C	C	G	C	T	G	A	G	T	A	G	T	G	A	A	C	C	C	A	T	T	C	C	A	C	A	A	T	A	G	A	A	T	T	C	G	C	A	G	A	A	C	T	G	G	G	C	T	T	A	A	T	A	C	G	C	T	T	G	G	T	A	C	A	T	G	G	A
#74	disease	G	A	T	C	C	T	C	T	C	G	A	A	G	T	T	A	G	T	C	A	C	C	C	T	A	C	G	A	C	T	G	C	G	T	T	C	G	A	G	G	A	T	A	A	T	G	T	T	T	C	G	G	G	T	T	T	T	C	G	T	A	G	T	T	A	G	C	A	G	T	C	G	T	C	C	G	G	G	A	C	G	C	T	G	A	A	T	A	C	C	A	T	A	G	A	C	A	T	C	G
#75	disease	T	T	G	C	A	C	A	G	A	G	A	C	G	C	G	A	G	T	T	G	C	T	G	T	A	T	G	G	A	T	A	A	A	T	A	A	T	A	A	A	A	A	C	T	A	T	G	G	G	A	C	A	T	G	A	G	G	A	A	C	T	T	T	A	G	T	A	T	A	T	A	G	A	C	A	T	G	A	A	G	C	A	T	A	G	A	C	C	A	C	G	A	C	T	C	C	T	T	A	C
#76	disease	C	T	A	G	T	G	C	G	A	T	G	T	C	A	T	T	G	C	T	C	C	G	T	C	T	G	G	A	A	T	C	C	T	A	G	A	C	T	T	G	T	T	T	C	G	C	C	G	A	C	C	G	A	C	C	T	T	G	G	C	G	T	G	T	G	A	C	C	A	C	A	A	C	C	G	G	A	C	C	G	T	T	T	A	A	C	A	T	T	T	T	T	C	T	A	T	A	C	A	C
#77	disease	C	G	C	G	C	C	C	C	G	G	C	T	G	A	T	T	T	G	T	C	G	G	A	T	A	G	C	A	A	A	G	T	C	G	T	T	T	A	G	A	C	G	A	C	C	A	C	T	T	G	T	A	C	A	T	T	C	A	T	C	A	A	C	G	C	G	A	G	G	C	A	G	T	A	T	C	T	T	C	T	A	T	T	C	G	A	T	C	T	C	A	C	C	A	G	C	T	T	T	A
#78	disease	T	C	A	A	C	G	T	T	A	A	T	T	C	T	T	G	G	G	G	G	C	A	G	A	C	G	A	A	A	G	G	G	G	C	C	G	C	C	T	G	T	C	A	T	G	T	A	G	A	G	T	C	T	G	G	G	T	T	A	G	A	C	G	G	T	T	A	T	G	T	G	T	G	C	G	C	T	C	G	C	T	T	G	C	G	G	C	C	G	C	T	G	G	T	G	C	C	T	T	C
#79	healthy	G	A	C	G	C	A	G	T	A	G	G	G	G	A	T	T	G	A	G	C	G	G	C	G	C	G	C	A	C	A	C	T	T	T	G	G	G	T	C	C	C	T	T	C	T	A	C	T	C	G	T	A	C	T	G	T	A	T	G	C	T	A	A	A	A	G	G	T	A	T	G	G	A	C	G	C	C	T	T	C	A	C	T	G	A	A	C	G	G	C	G	G	G	T	C	G	C	T	T	G
#80	healthy	G	A	T	G	C	G	C	G	T	G	C	A	C	C	A	A	T	T	C	G	A	A	G	C	G	T	G	A	C	C	A	C	T	A	A	G	T	G	C	A	G	G	A	A	T	A	C	T	C	A	G	T	T	C	A	T	G	A	A	A	T	A	G	T	T	G	C	C	A	T	C	C	T	A	A	T	C	C	G	T	T	G	A	A	C	T	G	G	G	G	C	A	T	T	G	C	C	G	T	A
#81	healthy	A	C	G	A	A	C	C	C	T	T	A	C	T	A	C	A	A	C	A	G	T	A	C	A	T	A	C	C	C	T	G	C	T	A	A	T	G	C	C	C	C	T	T	C	A	G	G	G	A	T	G	T	G	T	T	C	C	T	G	G	C	A	A	T	C	G	C	A	C	G	T	A	A	G	G	G	C	G	G	T	G	C	C	C	T	T	A	C	A	T	A	G	C	A	C	G	T	G	G	A
#82	disease	A	A	T	G	G	A	C	G	A	C	C	T	A	A	A	A	C	C	T	C	A	G	A	A	G	C	T	A	A	T	T	C	A	G	G	G	A	G	T	G	C	C	C	A	G	G	G	T	G	C	T	T	A	C	C	A	G	T	T	A	G	G	G	T	T	C	C	A	T	A	A	C	C	A	C	T	A	T	T	T	A	C	T	T	C	A	T	G	A	C	G	G	G	C	T	A	C	A	G	T
#83	disease	G	C	G	C	A	T	C	A	A	G	T	T	A	C	C	T	T	C	A	T	C	G	T	C	T	A	A	A	A	G	A	A	C	C	G	C	A	G	T	T	A	T	C	T	T	G	T	C	C	T	G	C	T	A	T	T	A	T	A	A	C	C	G	G	C	G	A	C	T	C	T	G	T	C	A	A	A	G	G	G	G	G	T	G	A	T	C	G	T	T	C	A	T	A	C	C	A	G	A	A
#84	disease	G	T	A	T	G	C	C	T	G	G	T	A	C	C	T	G	A	C	C	G	G	C	T	A	C	C	C	T	T	G	G	A	C	C	C	G	G	C	G	G	C	A	G	A	C	G	G	T	G	C	A	G	A	A	C	A	G	G	C	A	A	G	A	T	T	C	T	C	T	A	C	C	A	C	T	T	T	C	T	C	A	G	A	A	G	T	C	A	T	A	T	T	T	A	A	C	T	A	A	G
#85	disease	C	T	T	T	G	T	T	G	T	C	C	G	G	G	C	T	T	C	C	T	A	C	T	C	A	G	A	T	A	T	A	G	T	C	C	A	G	T	G	G	C	T	G	T	C	G	T	C	T	A	A	T	G	A	C	C	C	T	A	A	T	T	C	C	G	C	C	C	G	T	A	G	G	A	A	C	A	C	A	C	G	A	C	T	G	T	T	G	C	C	A	G	C	G	C	T	A	G	A	C
#86	disease	C	C	A	T	A	C	A	A	T	A	G	A	T	A	C	A	T	T	C	A	T	G	C	T	C	A	G	G	C	T	T	C	G	G	C	C	A	A	G	G	C	A	C	C	T	A	T	A	A	C	C	T	C	G	G	G	G	C	A	A	C	C	G	A	A	C	C	G	C	A	T	A	T	C	G	C	G	C	C	G	T	T	C	G	C	G	G	A	C	T	C	C	G	G	G	A	T	G	T	C
#87	disease	C	C	G	G	G	C	C	T	G	A	A	G	G	C	A	C	G	C	T	A	A	G	T	G	C	G	C	G	T	T	G	G	A	C	A	C	C	T	T	A	G	T	A	C	A	C	G	T	C	C	G	G	A	C	A	G	C	A	G	C	T	G	G	C	C	T	T	C	G	T	G	T	A	G	G	G	T	A	C	C	C	C	G	G	G	G	A	A	G	T	T	G	G	T	C	T	T	A	A	C
#88	disease	G	C	T	C	C	A	A	A	C	C	G	G	A	C	A	G	G	G	T	T	A	A	A	A	C	C	T	G	A	A	C	C	A	G	T	A	T	T	G	T	C	C	G	G	C	T	C	G	G	C	C	A	T	G	A	C	C	A	T	T	C	A	T	G	A	A	T	T	C	C	T	G	C	A	C	T	A	G	C	G	A	T	T	G	C	T	G	A	G	G	C	G	T	A	C	T	T	A	A	G
#89	disease	T	T	G	T	A	A	G	A	G	C	C	C	T	T	A	A	T	T	T	C	G	A	A	T	T	T	T	C	A	A	T	C	G	C	A	T	T	T	C	A	A	C	G	A	G	C	T	A	T	G	G	A	C	A	G	A	A	A	C	G	A	G	C	T	G	C	G	A	T	A	G	A	C	C	G	C	G	G	G	C	A	G	G	A	A	C	G	C	T	T	A	T	G	T	G	A	A	A	C	C
#90	disease	C	T	C	T	A	G	G	A	C	A	G	T	T	C	T	A	A	T	C	C	C	A	T	G	G	G	A	T	A	A	C	G	A	T	T	A	C	A	C	C	A	A	A	C	C	G	G	G	A	G	G	T	G	G	A	A	A	T	G	G	A	C	C	A	A	A	A	C	A	A	G	G	T	C	C	G	G	A	A	A	C	A	T	C	A	T	G	T	T	T	T	T	A	G	T	T	T	G	A	C
#91	disease	A	A	G	T	A	G	T	G	G	C	T	T	A	T	G	C	C	C	C	C	G	T	C	C	A	C	G	T	G	T	T	T	A	C	A	T	G	T	G	G	C	C	C	T	G	G	A	G	A	G	G	G	C	G	G	C	G	A	G	G	T	C	T	A	C	T	A	G	C	A	C	A	T	A	C	T	C	A	T	G	A	A	G	T	G	A	A	A	C	C	G	A	G	A	T	A	A	C	T	T
#92	healthy	A	A	G	C	C	A	G	G	C	T	G	C	G	T	T	A	T	C	G	T	C	G	C	C	C	G	C	G	C	T	A	A	A	C	G	G	C	T	G	T	T	G	G	C	T	G	C	T	C	G	T	A	T	A	A	A	T	T	T	C	T	T	C	G	G	C	T	G	G	C	A	C	C	T	G	T	T	T	C	G	G	G	G	T	G	T	C	T	A	C	T	C	G	C	T	G	T	G	A	A
#93	disease	T	G	G	A	C	G	C	T	A	G	T	T	A	G	G	A	A	T	T	G	T	G	T	A	C	C	G	C	G	T	A	A	C	A	T	G	C	A	A	A	C	T	G	T	G	G	T	A	A	A	A	A	G	C	C	A	T	T	T	C	A	A	C	C	T	G	C	T	C	G	A	T	G	G	C	A	C	T	C	C	T	G	C	T	G	A	G	T	T	A	C	A	G	T	T	C	G	G	C	A
#94	disease	C	A	T	A	T	T	G	G	T	C	A	T	G	A	G	G	C	A	T	T	T	C	A	A	C	T	A	C	A	A	G	C	G	C	A	A	A	G	C	T	C	T	A	A	T	A	A	C	C	A	T	T	A	C	C	G	G	G	G	C	A	T	C	G	T	A	G	G	G	A	G	T	G	G	A	G	A	T	C	T	C	G	A	C	C	T	T	C	C	C	T	G	C	C	G	C	T	G	A	A
#95	disease	A	C	A	A	C	T	G	A	C	G	G	G	T	T	T	A	G	C	T	G	C	A	A	A	C	C	A	G	T	A	C	A	G	T	G	G	A	C	A	T	A	A	C	C	T	C	T	A	T	C	G	T	T	T	G	A	G	T	C	A	A	C	G	C	T	T	C	G	C	C	C	T	A	G	A	G	G	T	G	T	A	C	G	G	G	G	T	C	A	T	G	G	G	A	A	A	G	C	G	A
#96	disease	T	A	T	C	G	C	T	C	G	G	A	A	A	A	C	G	C	A	T	T	C	G	T	C	A	A	C	G	A	A	A	A	G	A	T	C	C	T	T	G	T	A	G	G	T	T	T	A	C	C	C	C	T	A	G	G	C	A	C	T	C	T	C	A	T	G	C	T	C	C	T	T	C	T	G	A	G	T	C	G	T	A	C	A	G	C	A	C	G	G	C	C	T	A	T	C	G	G	A	G
#97	disease	C	G	C	T	G	C	A	C	C	A	T	T	T	T	C	G	C	C	G	G	T	T	A	T	T	A	A	C	T	A	T	A	A	T	G	A	A	T	A	C	C	A	C	C	T	G	T	A	T	G	G	G	A	T	C	C	A	C	T	A	A	C	C	A	C	A	T	C	C	A	A	G	A	A	G	T	G	G	G	G	A	C	T	T	G	T	C	A	T	C	C	A	T	T	C	A	C	A	T	T
#98	disease	T	A	C	T	C	G	T	T	G	T	G	C	A	G	T	T	T	G	C	G	A	T	A	G	C	C	A	G	A	A	C	C	A	A	G	C	C	A	C	C	A	T	T	G	T	G	T	G	C	A	C	C	G	A	A	T	C	G	G	A	C	G	T	G	A	G	G	C	G	A	C	G	G	C	T	T	G	A	G	T	C	C	C	C	T	G	A	A	C	T	A	G	A	A	T	T	A	A	T	G
#99	disease	G	G	A	C	C	A	G	T	A	C	G	G	C	A	C	A	C	G	A	G	A	A	A	A	T	C	T	C	A	G	A	T	T	C	G	T	A	T	A	G	A	C	T	G	A	C	C	T	T	G	C	C	A	C	A	G	T	C	A	C	A	A	T	G	C	C	A	G	G	T	A	G	G	G	G	A	G	C	C	G	G	T	C	C	C	G	A	A	T	C	G	A	T	T	A	G	C	C	T	A
#100	disease	A	A	G	G	A	T	A	C	A	T	G	C	C	C	A	G	A	C	T	G	T	A	A	T	T	C	G	C	A	C	A	A	A	A	T	T	A	C	A	G	A	T	C	C	G	G	T	T	T	C	C	G	T	T	C	T	T	T	T	G	C	G	C	G	C	C	T	G	G	C	T	G	T	T	A	G	T	T	A	C	C	G	G	A	A	A	C	G	A	T	A	A	A	T	T	T	A	A	A	T
#101	disease	G	T	T	G	T	G	A	C	A	G	T	G	A	C	T	G	A	C	C	T	A	C	A	C	C	A	A	C	A	T	T	T	G	T	A	G	C	A	C	G	C	A	T	C	T	A	T	G	A	G	T	C	C	T	A	A	C	A	G	G	C	A	A	C	G	G	C	C	C	C	T	C	C	A	T	C	T	A	C	T	A	A	C	A	G	A	C	T	C	A	G	C	A	T	T	A	G	C	G	C
#102	disease	C	A	A	C	C	G	A	A	T	A	T	G	A	G	G	T	C	A	C	C	A	G	T	G	A	A	T	G	T	A	G	C	T	C	C	A	C	A	C	A	G	G	G	T	G	C	T	A	G	C	T	C	C	C	C	G	A	G	G	G	G	T	G	C	C	C	T	C	A	C	G	T	G	G	A	T	G	C	G	C	G	T	A	A	G	G	C	C	C	G	C	A	A	A	T	A	C	C	T	A
#103	disease	A	C	C	T	T	G	G	G	C	T	A	C	G	T	G	C	G	T	G	A	T	A	G	G	A	C	T	G	A	G	T	G	G	C	C	T	G	C	A	C	A	T	C	C	A	G	A	T	G	G	T	C	T	G	G	T	A	A	A	A	A	C	A	A	A	T	T	A	C	T	T	A	A	A	T	G	A	A	T	C	C	A	A	G	G	G	A	A	T	A	T	A	G	A	C	G	C	T	T	T
#104	disease	C	T	T	A	A	A	A	G	T	G	G	G	A	T	T	A	G	A	G	G	G	T	G	T	A	T	A	T	A	T	C	A	A	A	G	C	A	T	C	A	T	G	A	G	C	A	A	C	C	C	T	C	T	T	G	C	A	T	G	G	G	A	G	A	A	T	G	G	C	C	G	A	G	A	G	G	G	G	G	C	C	A	T	G	G	A	T	T	T	G	A	C	C	C	A	G	T	T	G	T
#105	disease	T	A	C	C	C	T	A	G	A	A	A	G	C	C	C	A	G	C	G	T	G	C	T	C	G	G	A	A	T	C	G	G	A	G	A	T	C	A	C	A	C	G	G	T	C	G	T	C	G	C	T	A	T	T	C	T	T	C	C	C	G	A	C	T	T	G	A	G	G	T	A	G	A	C	C	G	T	C	A	G	T	T	C	C	C	A	A	G	G	A	C	A	C	A	G	C	T	C	G	A
#106	disease	T	A	G	A	A	A	G	A	G	A	T	T	C	C	T	T	T	T	T	C	C	C	A	G	G	C	T	G	A	C	T	G	C	G	T	A	A	T	G	T	T	T	G	T	T	A	A	T	G	C	T	T	C	T	G	G	G	T	T	T	T	C	T	C	T	C	G	G	A	T	G	G	T	A	T	G	C	T	G	T	A	G	A	G	T	T	C	C	A	C	G	G	A	A	T	G	G	T	T	G
#107	disease	T	G	A	T	T	T	T	T	C	A	T	A	G	T	T	C	A	C	C	T	G	T	T	G	C	G	A	G	C	A	A	G	T	C	C	C	C	C	G	G	T	G	G	A	C	C	C	G	A	G	G	A	A	T	A	C	C	G	A	G	A	C	C	C	T	A	C	A	T	C	C	G	C	G	C	A	T	T	T	C	G	T	C	G	T	G	T	A	C	G	G	T	C	C	T	T	A	T	T	T
#108	disease	C	C	A	G	A	G	G	A	C	A	T	T	T	C	A	G	T	G	T	T	G	G	G	T	G	C	G	C	C	G	T	C	T	C	T	T	C	T	G	C	A	A	G	C	C	G	G	C	A	C	G	C	T	T	G	C	A	C	T	G	T	G	G	C	G	C	C	G	G	A	T	T	G	C	C	G	G	A	T	C	C	A	T	G	G	C	G	T	C	G	T	A	G	C	C	A	G	G	G	C
#109	disease	C	G	A	G	T	C	G	T	T	A	C	T	A	C	G	A	T	C	C	G	A	A	C	G	G	C	A	A	A	T	A	C	G	G	C	A	G	A	A	G	T	T	T	C	G	C	C	T	T	A	G	A	T	C	A	G	T	G	A	T	A	G	G	T	T	A	G	C	C	A	G	T	G	C	C	T	C	A	T	A	T	A	G	C	A	G	C	A	C	T	T	A	A	G	G	G	G	T	G	G
#110	disease	A	G	G	A	C	T	G	C	C	G	T	G	A	A	T	A	A	T	A	G	A	G	T	C	A	A	A	T	G	G	A	G	C	T	T	C	A	C	T	T	A	T	A	G	G	C	G	C	T	A	A	T	C	C	A	T	T	C	A	C	A	G	G	G	T	T	G	C	T	A	C	T	G	A	A	T	G	T	G	G	A	T	A	A	C	G	T	G	T	G	C	A	A	C	A	A	C	T	A	T
#111	disease	A	A	A	G	G	G	T	G	T	T	G	G	A	T	A	A	A	A	C	G	T	G	T	C	C	A	T	T	A	A	C	C	A	G	G	C	T	T	G	T	T	G	C	C	G	A	T	A	A	G	A	C	T	A	G	A	C	T	G	G	G	G	C	T	T	A	C	G	T	A	G	T	T	C	T	T	T	A	A	T	T	C	G	G	T	A	T	C	G	A	G	A	T	T	C	A	T	A	G	A
#112	disease	G	G	A	C	T	T	C	T	A	T	T	G	T	G	C	G	G	G	T	T	C	T	T	T	C	T	G	A	A	T	G	C	A	T	A	T	C	C	A	G	C	T	A	C	T	G	A	G	T	C	C	A	G	A	A	G	G	A	A	T	C	A	C	A	T	T	G	T	T	T	G	C	C	T	C	T	C	G	A	A	T	A	A	G	C	A	T	A	A	C	C	A	G	G	G	G	A	G	C	T
#113	disease	G	C	T	T	C	T	T	A	C	C	G	G	C	G	T	A	C	C	G	G	T	A	T	G	T	T	C	A	A	A	A	C	T	G	A	A	A	C	A	C	C	G	T	C	A	C	G	C	A	G	G	C	C	C	A	C	T	A	C	A	T	A	G	A	C	A	A	G	C	T	T	A	A	A	G	G	A	G	T	G	C	C	T	G	C	A	A	T	G	G	C	T	A	C	T	C	G	C	C	A
#114	disease	A	A	A	A	C	C	A	C	A	G	T	T	T	C	A	C	C	T	A	A	C	A	A	C	G	C	G	A	A	G	G	T	C	C	G	G	T	T	C	T	A	C	A	T	A	A	G	T	G	G	C	G	T	A	T	T	C	C	C	A	C	G	A	A	G	C	A	A	A	A	T	C	G	A	A	T	C	A	T	G	T	T	C	A	A	T	A	T	G	T	C	T	A	C	T	C	G	T	A	A
#115	disease	G	T	T	T	T	G	A	G	C	T	A	A	T	C	G	T	G	C	G	A	A	T	C	G	C	A	A	A	A	C	C	C	G	T	T	A	A	A	G	G	A	T	G	T	C	C	G	G	C	C	T	A	C	G	G	G	C	T	A	G	G	A	T	G	A	T	G	T	C	C	T	C	G	A	A	G	G	G	G	C	C	G	C	A	G	C	T	C	C	T	G	A	G	T	A	A	G	C	C	G
#116	disease	A	C	G	A	A	A	T	T	G	A	T	A	A	A	G	A	T	A	T	G	C	C	C	T	G	A	G	G	A	A	G	T	G	C	G	C	T	C	C	T	A	A	A	C	A	T	G	A	G	G	A	C	G	T	C	T	C	A	T	C	T	G	G	C	T	T	T	C	G	G	G	G	T	A	G	C	T	A	A	C	C	C	G	C	G	T	A	A	T	T	G	A	G	C	G	T	C	C	G	C
#117	disease	A	A	A	C	G	A	A	G	G	A	T	C	C	A	C	T	A	C	C	C	G	T	C	T	A	A	T	G	A	T	G	T	C	C	C	T	T	T	C	T	G	A	G	G	G	G	G	G	A	C	C	G	T	T	C	A	T	T	T	T	G	A	A	T	C	G	G	G	G	T	A	T	C	T	A	G	A	G	C	A	T	T	G	C	C	G	G	G	A	A	G	A	C	C	C	A	A	A	G	G
#118	disease	G	C	C	A	T	A	A	C	C	A	T	T	C	G	T	G	C	G	C	G	A	T	T	A	C	T	C	C	G	G	T	A	G	G	G	G	A	A	C	G	G	G	C	G	T	C	T	G	G	T	T	C	A	C	A	A	C	T	T	C	C	G	T	T	C	C	T	T	C	G	T	C	T	T	T	G	T	C	C	G	T	G	G	C	C	A	T	G	T	C	T	G	C	G	C	C	T	A	T	C
#119	disease	C	T	C	T	A	C	C	C	T	G	G	C	G	C	A	A	A	G	G	G	A	T	G	G	G	C	C	G	A	A	A	G	G	T	C	A	A	C	A	A	G	C	G	T	C	T	T	T	C	A	T	G	T	A	A	C	C	C	A	C	G	T	A	G	C	T	C	T	G	A	T	A	A	C	T	G	A	G	T	G	T	C	A	A	G	A	A	A	A	C	T	C	C	T	T	A	C	G	C	C
#120	disease	G	C	C	T	G	T	G	C	A	A	T	T	A	C	C	A	A	G	C	C	G	A	A	A	G	A	A	G	C	G	A	T	T	T	A	A	C	A	C	G	G	T	G	C	G	A	T	T	T	A	G	A	A	C	T	A	A	C	C	C	T	C	T	T	T	T	C	G	T	T	C	G	T	C	A	T	T	C	A	G	C	T	T	A	G	A	G	T	G	C	G	G	T	C	A	A	G	C	A	C
#121	disease	C	G	A	G	A	A	C	C	C	A	C	G	A	C	T	G	G	T	G	A	A	G	A	T	G	G	G	T	C	C	A	C	C	C	T	A	A	T	G	C	A	C	A	T	A	A	T	T	T	T	A	T	A	A	G	C	G	T	T	G	C	A	C	A	T	A	T	C	A	A	T	G	C	C	T	C	C	A	G	T	C	A	C	C	G	G	A	G	T	G	T	G	G	C	A	G	C	T	C	T
#122	disease	T	T	G	C	G	A	A	A	C	G	C	C	C	G	A	C	C	A	G	T	C	C	C	T	A	G	T	G	A	A	A	G	G	C	G	A	T	C	A	A	T	T	A	A	G	C	G	G	T	G	G	G	A	T	T	T	T	G	C	A	G	T	G	T	G	T	A	C	T	C	T	C	T	C	C	A	C	T	G	T	C	T	A	A	T	A	G	G	C	T	G	A	G	G	G	A	T	A	A	T
#123	disease	C	G	C	T	A	A	T	T	G	C	G	G	T	G	T	T	A	T	T	T	C	A	G	A	C	T	C	G	C	C	C	T	G	T	T	T	A	A	T	C	G	G	A	A	T	A	T	G	A	C	A	A	A	T	C	C	A	C	G	A	A	G	T	C	G	A	G	T	C	A	G	T	C	A	G	G	C	T	C	C	C	G	T	A	G	G	A	A	T	A	A	C	A	A	T	A	T	C	A	G
#124	healthy	A	G	C	G	T	G	C	T	T	C	G	C	C	C	A	T	C	A	T	A	G	T	G	T	G	A	A	T	C	G	T	A	C	T	T	C	A	A	T	T	C	G	C	C	T	C	G	T	C	G	A	C	A	G	G	C	G	C	C	G	G	A	C	G	C	G	C	A	A	C	A	C	G	G	C	A	T	C	G	G	A	G	T	T	A	T	T	C	T	C	A	T	T	C	G	T	A	G	A	A
#125	disease	T	A	T	C	G	C	A	C	C	A	C	A	T	A	G	C	G	G	T	C	G	T	G	A	G	T	A	G	A	A	G	T	T	G	G	T	T	A	A	T	C	A	C	G	G	G	A	C	G	T	G	G	T	T	G	G	C	A	C	A	C	C	C	G	A	A	G	G	C	C	T	T	T	C	A	T	G	C	C	C	T	A	T	T	A	T	C	T	C	A	A	G	T	G	A	G	G	C	G	G
#126	disease	A	C	A	C	G	A	A	G	A	T	T	C	A	G	C	A	G	T	T	A	G	T	G	T	A	C	G	T	A	A	G	T	T	C	T	A	G	A	G	G	T	G	G	A	C	C	A	G	T	G	C	G	T	C	T	C	T	C	T	C	G	A	G	T	G	G	T	C	G	C	C	A	C	C	A	A	G	G	G	T	C	C	T	T	G	G	A	C	G	T	C	A	A	A	T	C	A	T	A	T
#127	disease	C	A	G	T	A	C	A	C	C	A	G	A	T	A	A	A	G	G	T	T	A	C	C	C	G	G	T	T	A	C	G	C	G	G	G	C	C	A	T	C	C	G	G	G	T	C	A	T	T	G	G	C	A	A	T	C	A	A	T	G	G	A	T	G	A	G	G	A	C	A	T	A	T	G	G	C	T	G	G	T	A	T	G	A	G	G	C	C	T	G	C	C	A	T	T	T	C	C	C	G
#128	disease	G	G	G	G	G	G	T	A	G	T	A	G	A	A	G	G	G	A	A	T	C	A	T	C	T	A	T	T	G	G	G	G	G	A	C	A	T	T	C	G	G	A	T	G	C	C	T	G	C	G	T	A	T	C	T	A	A	A	G	T	T	G	T	G	A	G	G	T	C	T	C	G	G	C	T	A	C	T	T	G	G	G	C	G	G	G	T	C	A	G	G	A	T	A	C	T	C	T	A	C
#129	disease	A	C	T	G	T	T	C	T	G	C	C	C	G	A	G	C	A	G	T	G	A	T	G	C	A	G	C	C	A	T	G	A	T	A	A	C	A	T	A	C	A	T	C	A	C	A	A	G	C	A	T	A	C	A	G	C	C	G	A	A	A	T	A	A	G	C	C	C	A	T	A	A	C	C	T	A	C	C	T	G	G	A	G	T	A	G	C	G	A	G	T	G	G	C	G	T	A	G	T	C
#130	disease	A	T	A	A	C	T	T	T	T	G	C	T	G	C	C	A	A	G	T	G	G	G	T	G	A	T	T	A	A	C	T	A	T	A	C	C	C	G	T	C	A	C	G	G	A	A	C	G	G	G	T	C	C	T	A	G	C	A	G	A	A	A	T	G	A	G	A	G	G	T	A	A	C	C	A	T	C	G	C	G	T	C	A	C	T	A	T	C	G	T	A	C	A	G	A	T	G	G	C	C
#131	disease	G	A	A	C	C	A	T	A	A	A	G	C	A	G	A	G	C	A	A	T	G	T	T	T	A	T	C	G	T	T	A	A	C	C	T	A	G	C	A	G	A	G	G	T	A	G	C	G	T	G	G	G	A	T	A	A	C	G	C	T	C	T	A	A	A	G	T	A	C	A	C	T	A	T	A	A	T	A	G	C	A	T	G	A	G	A	T	T	A	A	C	T	T	G	C	A	A	A	A	A
#132	disease	C	C	T	T	G	G	T	A	T	A	G	C	T	A	C	A	C	T	G	G	C	A	C	A	G	T	G	G	C	A	A	A	T	G	A	C	G	A	C	C	C	G	C	T	A	G	G	T	G	G	C	G	C	G	T	A	G	A	G	C	A	C	T	C	T	T	C	C	C	C	G	A	T	C	G	C	T	C	A	T	C	C	T	A	T	A	A	C	T	C	C	C	T	C	C	A	G	A	G	C
#133	disease	G	A	G	C	A	T	C	C	T	A	A	T	C	A	C	G	A	T	A	G	C	T	T	A	C	A	T	A	A	T	C	T	C	T	G	C	C	C	G	A	C	C	A	C	A	A	A	C	A	A	A	T	C	G	T	A	C	A	G	A	T	T	T	G	C	T	A	C	G	C	T	A	G	G	C	C	G	G	T	G	A	A	A	C	G	C	T	T	G	C	A	G	G	G	G	T	G	G	T	C
#134	healthy	A	T	C	G	G	G	G	T	A	T	A	G	A	A	A	T	A	T	A	T	C	C	T	A	G	C	G	C	T	C	C	A	C	T	T	A	G	T	C	C	T	C	T	T	A	T	C	G	G	T	T	T	T	G	C	C	T	A	C	G	A	C	T	T	A	A	A	T	G	C	A	G	A	T	G	C	G	C	T	C	A	G	A	A	T	C	C	G	C	A	A	C	G	C	A	G	G	C	G	A
#135	disease	T	G	A	G	G	T	G	C	G	T	G	G	T	T	A	A	G	C	T	A	G	A	G	A	G	A	A	C	A	G	T	A	C	C	T	G	C	C	G	A	T	C	C	C	G	C	T	T	T	G	G	A	C	A	C	T	C	C	T	A	C	C	G	A	G	A	C	A	T	A	G	A	C	T	G	A	G	G	T	T	C	A	C	A	A	G	G	A	G	C	A	T	A	A	T	T	T	C	T	A
#136	disease	C	C	G	C	T	T	G	C	A	T	G	T	T	G	A	C	A	T	A	T	C	C	A	G	C	C	C	T	G	C	C	T	T	G	G	G	T	C	A	T	C	G	C	T	A	C	G	C	T	C	A	G	G	T	T	G	T	C	C	T	G	G	T	G	A	T	G	A	G	G	C	C	A	A	C	C	T	C	G	G	G	T	C	G	A	A	A	A	C	C	G	C	G	C	T	G	A	C	A	G
#137	disease	T	C	A	G	A	T	T	C	C	T	T	G	G	T	T	T	A	T	A	G	G	C	A	G	A	C	T	T	C	G	G	G	T	G	G	T	A	G	G	A	A	A	G	G	G	G	A	C	A	A	G	G	A	C	C	G	T	A	C	T	A	G	T	T	C	G	G	A	C	G	A	C	T	G	T	T	G	C	G	C	C	C	C	G	C	C	C	C	C	A	A	G	A	T	A	C	T	T	C	T
#138	disease	C	A	G	A	A	C	G	A	A	C	T	C	C	G	A	G	G	C	A	C	C	A	A	A	G	C	C	G	C	C	A	T	T	G	G	G	C	G	A	A	T	T	C	T	G	G	G	A	A	G	G	C	C	G	A	G	C	G	A	G	A	T	A	G	G	C	A	G	A	G	T	C	A	C	G	G	T	C	T	C	C	A	C	A	A	A	A	T	T	T	G	C	G	A	A	C	T	C	T	T
#139	disease	C	T	A	T	G	C	T	C	C	G	A	C	C	C	A	G	T	C	C	A	T	T	C	C	C	T	C	T	A	C	T	C	G	T	T	T	C	C	G	T	A	T	C	A	G	A	G	C	G	G	C	T	A	A	A	C	A	G	A	C	T	C	G	A	T	A	G	A	T	G	T	C	T	T	C	G	T	A	T	T	T	C	G	C	C	G	C	C	A	T	A	T	G	C	C	A	G	T	G	T
#140	disease	C	A	A	C	C	G	C	C	G	C	G	G	A	C	A	T	T	T	A	G	C	C	G	T	C	G	A	C	C	C	T	C	A	T	T	G	T	C	T	C	C	G	A	T	G	A	G	T	T	C	T	G	T	C	G	A	C	T	C	G	A	T	G	C	G	C	G	A	T	C	G	C	G	C	A	G	G	C	C	G	G	C	A	T	T	G	C	T	A	T	G	C	T	A	T	T	A	A	T	C
#141	disease	G	C	C	T	C	T	C	T	C	T	A	G	A	C	T	T	G	C	C	G	T	C	T	T	C	G	T	A	A	A	G	T	A	G	T	A	A	G	C	A	A	T	T	T	A	T	T	G	C	G	G	A	A	T	A	C	C	G	T	C	A	G	C	G	C	C	G	A	T	T	A	T	T	G	T	G	G	G	T	G	T	T	T	G	A	T	G	A	G	C	T	C	G	C	C	A	G	T	T	T
#142	disease	C	A	A	G	T	T	A	T	T	C	C	G	C	G	C	T	C	C	G	G	A	T	T	A	A	A	T	C	A	G	C	G	A	A	C	T	T	A	G	T	T	G	A	T	C	A	C	A	A	G	G	C	A	C	G	T	T	C	A	A	T	G	A	G	C	A	A	G	A	C	T	C	T	C	G	G	T	C	C	G	T	A	G	T	T	A	T	T	C	C	T	C	A	G	T	T	A	C	C	A
#143	disease	A	T	C	C	G	G	C	C	G	A	G	A	G	T	C	C	G	G	C	A	G	A	A	C	A	C	G	T	A	G	G	G	G	T	G	T	T	A	T	G	C	T	T	G	T	T	A	C	T	C	C	C	T	T	A	A	G	C	C	C	C	A	C	G	T	G	C	C	A	T	C	G	C	C	C	T	A	T	C	A	C	A	T	G	T	C	T	A	C	G	C	C	A	G	G	T	T	C	T	C
#144	disease	A	C	C	A	C	C	T	T	A	G	C	A	G	T	C	G	A	A	C	C	A	C	G	T	T	T	T	G	A	C	C	G	C	C	G	A	A	A	G	A	A	A	A	T	T	T	C	C	G	A	A	A	T	A	A	A	T	G	C	C	C	T	G	A	C	C	A	G	T	G	T	A	G	A	G	G	A	G	A	T	A	A	A	T	T	C	G	A	A	T	C	G	C	T	A	C	A	G	G	G
#145	healthy	C	A	T	C	C	T	G	C	G	T	A	G	T	A	T	G	C	A	C	T	A	A	A	A	T	C	T	T	C	C	C	A	C	G	T	T	A	T	C	C	G	G	T	G	A	C	A	A	C	G	C	C	A	A	C	G	A	G	C	C	A	G	C	A	A	A	A	T	C	G	A	A	C	G	T	A	A	G	G	G	G	G	G	G	C	G	T	C	G	T	A	G	G	G	C	G	G	G	T	A
#146	disease	C	A	C	T	G	G	G	G	A	A	A	A	T	A	G	C	T	A	C	A	A	C	G	T	C	A	T	T	A	C	C	A	T	A	C	T	C	C	A	G	A	C	G	G	C	G	G	A	T	G	T	A	T	G	C	C	T	G	C	G	T	A	C	G	C	T	A	C	G	A	C	T	C	A	G	C	C	G	A	A	C	G	G	C	C	T	G	T	T	C	A	G	G	G	G	T	A	C	T	G
#147	healthy	C	A	G	A	G	A	C	G	G	C	C	G	G	G	T	A	T	T	G	A	C	C	A	A	C	T	T	A	C	G	C	G	A	A	T	C	C	G	A	T	G	A	C	C	C	C	A	G	G	G	C	T	T	A	G	G	T	T	G	T	T	T	A	G	G	C	G	A	A	G	C	T	C	G	C	G	A	G	A	A	T	C	T	A	C	A	C	C	T	G	A	G	A	A	C	A	T	G	T	A
#148	disease	C	G	G	C	G	G	T	T	A	C	C	C	T	T	G	A	C	C	C	A	G	T	G	G	A	C	T	A	A	C	C	T	G	G	A	A	C	T	T	G	C	C	G	G	A	A	G	C	A	G	G	G	C	C	T	G	G	A	G	G	A	C	T	G	A	G	G	T	A	G	G	C	T	T	G	C	C	A	A	C	A	T	C	C	C	A	G	G	T	A	G	T	C	T	G	C	A	T	C	A
#149	disease	G	A	A	T	G	G	A	C	G	A	C	T	A	C	T	G	C	A	A	A	T	G	A	C	C	A	C	T	C	C	T	T	C	A	C	G	T	T	A	A	C	G	A	A	T	T	C	A	T	C	T	A	C	T	G	C	G	G	G	G	T	C	A	G	C	C	C	T	C	A	T	T	G	C	C	C	C	T	C	A	C	A	C	A	A	G	C	A	A	C	C	A	G	G	C	G	G	C	T	T
#150	disease	A	G	A	G	C	C	T	G	T	T	T	T	G	G	A	G	T	A	C	G	G	T	G	C	A	G	T	T	C	T	T	G	C	G	C	C	G	G	G	T	C	A	G	G	G	A	A	A	A	G	C	G	G	A	T	A	T	A	T	A	A	A	C	A	T	A	C	A	C	C	G	G	T	T	C	G	G	T	C	C	G	T	T	T	A	T	G	A	G	A	G	T	A	G	T	C	C	G	T	T
#151	disease	T	T	A	G	G	C	G	A	C	T	A	G	C	T	T	T	G	C	T	G	A	A	A	A	C	T	G	G	T	C	T	C	G	T	A	T	A	A	A	T	T	T	T	G	G	G	A	A	C	A	A	G	T	T	G	T	G	C	C	A	C	T	T	A	G	G	A	T	G	G	A	A	A	G	A	G	C	G	G	C	A	C	G	A	A	G	A	C	T	G	C	A	A	C	G	T	G	C	A	C
#152	healthy	T	G	T	T	T	G	A	G	G	A	C	A	C	A	T	G	A	A	A	T	C	A	G	A	A	G	G	A	G	G	G	G	A	C	T	G	T	C	G	A	T	T	T	G	G	G	C	A	G	A	C	C	T	C	G	C	C	C	G	T	C	G	G	T	T	A	C	A	T	G	A	C	A	T	T	C	T	A	C	C	C	T	G	G	G	G	C	A	T	T	C	C	A	G	C	G	C	A	A	A
#153	healthy	G	T	T	T	A	A	A	T	C	G	C	G	A	G	G	C	A	G	T	T	G	G	C	A	C	C	C	A	C	A	G	A	T	C	G	G	C	G	C	A	A	T	A	C	T	C	T	T	T	T	C	A	C	A	G	T	A	T	C	G	G	C	A	A	C	C	A	C	A	A	C	T	A	A	A	C	A	A	G	T	C	G	C	A	A	T	C	A	G	T	A	A	C	C	T	T	G	G	C	G
#154	disease	C	T	G	A	G	C	T	T	C	G	G	A	C	G	G	A	A	G	G	C	A	C	A	C	T	A	C	A	A	G	C	A	A	C	A	G	T	G	C	A	A	T	T	C	T	T	A	G	G	G	G	G	A	T	G	C	G	C	T	G	C	C	G	T	T	T	A	G	G	G	C	G	A	A	G	C	A	C	C	C	T	A	A	A	T	T	A	A	C	T	C	C	A	C	A	G	A	G	G	T
#155	disease	C	A	G	G	T	C	A	G	A	A	T	C	C	G	C	C	T	G	T	C	G	C	G	C	T	G	A	C	C	C	C	G	A	C	C	A	G	T	C	C	C	T	C	G	G	T	T	C	A	C	A	A	T	T	G	T	A	A	A	A	C	C	G	T	T	A	G	C	T	G	C	G	C	G	A	G	A	A	G	A	C	G	G	C	G	C	A	C	T	G	A	T	T	G	C	C	G	A	T	C
#156	disease	T	G	T	T	C	T	A	T	A	T	T	T	C	A	C	C	A	A	T	G	G	C	C	A	G	A	C	C	A	C	A	C	T	A	C	C	G	A	C	T	C	C	G	G	C	G	C	T	C	A	A	G	T	T	A	A	T	C	G	A	C	T	C	T	C	A	A	G	C	A	C	G	A	C	C	C	G	A	C	G	C	G	C	C	G	G	G	G	C	A	G	C	C	C	A	A	T	T	C	T
#157	disease	A	T	G	T	T	T	C	T	A	C	G	A	C	A	G	A	G	C	G	T	A	A	T	C	A	G	G	C	A	C	T	T	T	A	A	A	G	G	C	A	A	T	A	G	G	G	A	T	T	A	C	C	T	C	G	A	A	G	T	A	A	G	T	A	G	A	C	T	C	A	G	A	T	A	T	G	T	A	T	C	T	T	T	T	C	A	A	C	A	G	T	G	A	T	G	T	G	T	A	A
#158	disease	T	C	A	C	C	C	T	G	A	T	T	A	T	T	A	C	A	T	T	T	A	T	T	C	G	C	A	G	A	T	G	T	T	C	C	C	A	T	A	G	A	T	G	A	T	A	C	G	C	G	C	A	A	C	C	A	G	G	C	G	C	G	A	G	C	G	C	T	T	A	T	G	A	C	C	T	G	T	C	C	T	T	C	T	G	G	C	A	G	T	G	C	A	C	G	A	G	C	T	A
#159	disease	A	T	A	A	T	G	G	A	T	G	T	C	A	C	A	T	C	C	A	A	G	T	A	A	T	C	C	G	A	A	G	C	T	A	G	A	T	A	A	G	C	T	A	T	G	C	G	G	A	G	T	A	G	A	A	A	T	C	T	C	A	C	T	C	T	T	T	A	C	C	A	A	G	G	G	A	T	C	C	A	A	T	C	A	A	A	G	C	T	T	G	C	T	G	G	C	A	G	A	T
#160	disease	A	G	A	A	A	C	A	C	A	T	T	G	G	T	C	G	T	C	G	A	C	G	A	A	C	G	T	A	A	T	C	T	T	A	C	A	G	C	G	C	A	A	T	G	T	A	A	C	G	G	A	C	T	G	G	T	T	G	C	A	C	A	G	A	C	T	G	C	T	G	T	T	G	T	A	G	G	G	T	G	T	A	G	C	T	A	A	T	T	C	C	C	T	T	G	C	G	G	A	T
#161	disease	C	G	C	C	G	C	A	C	C	G	T	G	C	T	A	T	A	A	G	T	T	C	G	C	T	G	A	T	C	T	G	C	C	C	T	G	G	C	A	C	A	G	G	T	G	T	C	G	T	A	C	A	A	A	A	C	A	A	C	G	T	T	C	G	A	A	G	G	A	A	G	A	G	A	G	C	A	C	G	T	T	A	T	G	G	T	T	A	T	A	T	T	T	G	G	G	T	T	C	C
#162	disease	C	A	G	A	G	T	A	G	G	A	C	C	A	G	G	T	T	G	G	C	A	G	C	A	G	G	T	A	G	C	C	T	G	G	G	C	C	G	T	G	T	G	C	G	C	T	C	A	A	A	A	G	A	G	G	A	C	A	T	A	G	C	T	G	C	C	G	C	G	A	G	G	T	C	G	G	G	G	C	C	C	C	C	T	C	C	C	C	A	A	C	A	T	A	T	C	T	C	G	A
#163	disease	T	A	A	G	T	T	G	C	T	A	T	A	G	C	T	A	C	G	A	T	G	G	C	G	G	G	A	T	A	T	C	A	G	A	T	G	G	T	C	C	C	A	G	T	A	C	A	A	T	A	G	G	T	A	G	C	T	C	T	C	A	G	C	T	A	G	T	T	A	G	G	A	T	G	G	T	A	A	A	A	A	C	G	C	G	T	G	A	C	T	A	A	T	A	A	C	G	C	A	C
#164	disease	A	G	G	T	A	T	C	G	G	A	G	T	G	C	G	T	G	A	G	C	A	A	G	T	A	T	G	G	T	G	T	C	G	C	G	T	T	C	C	G	G	G	C	C	A	C	C	G	G	A	A	T	C	T	C	G	T	C	T	A	C	T	A	C	G	T	T	C	T	G	T	C	G	C	G	G	A	C	T	A	C	A	C	G	C	A	C	A	T	T	G	A	G	G	C	C	G	A	T	G
#165	disease	G	A	A	A	G	A	C	A	A	G	T	C	G	T	G	T	C	A	C	C	C	T	A	G	A	G	A	A	A	C	A	C	A	C	A	G	T	T	C	C	G	C	C	G	A	G	A	G	A	C	G	G	C	T	A	C	A	A	G	G	A	C	G	G	A	G	T	T	C	C	G	A	C	T	T	C	C	C	G	C	T	C	G	C	A	T	G	C	G	T	G	A	A	T	T	A	A	C	T	C
#166	disease	T	G	C	C	G	G	C	C	G	A	A	A	A	C	A	A	G	T	G	G	A	A	G	C	T	C	C	A	T	G	A	T	C	A	G	T	A	T	A	T	C	A	T	A	C	A	G	T	T	G	G	G	C	T	A	C	T	C	C	C	G	A	A	A	T	T	G	A	C	A	T	G	T	T	A	T	T	G	A	A	C	G	G	C	T	G	G	G	G	G	G	A	C	A	T	G	C	C	A	T
#167	disease	T	T	G	T	T	C	T	A	C	T	C	C	T	T	A	A	C	G	G	T	T	G	T	G	G	A	A	T	T	G	T	G	A	A	C	G	C	C	A	C	A	G	T	C	A	T	C	C	G	A	C	G	C	T	G	A	G	A	G	A	A	A	A	C	A	A	T	G	A	A	T	T	A	C	T	C	A	G	A	T	A	C	C	T	C	G	T	G	A	A	T	T	T	T	G	T	T	T	G	G
#168	disease	T	C	G	T	T	T	C	T	G	A	T	G	T	A	G	C	A	T	A	G	A	A	C	T	G	A	G	T	G	C	A	A	T	A	T	T	C	C	C	A	A	A	T	A	C	C	A	T	C	G	T	C	T	A	C	T	A	G	G	G	A	G	A	C	A	G	C	G	G	G	A	A	G	T	T	C	C	T	G	A	T	T	G	G	C	T	A	A	G	G	G	G	G	T	T	A	C	G	T	T
#169	disease	A	T	A	C	A	G	A	T	C	T	C	G	A	A	T	T	A	C	T	G	T	G	G	G	A	C	C	T	A	T	G	C	A	A	T	C	T	T	G	A	A	T	G	T	G	C	A	A	A	A	C	C	T	T	G	C	A	T	C	A	G	C	A	G	G	G	A	A	T	T	T	A	C	T	C	G	G	G	G	C	A	G	C	T	G	T	G	C	C	A	T	C	G	T	C	G	T	T	A	T
#170	disease	C	T	G	T	G	T	G	C	T	A	C	G	T	A	T	T	C	C	G	G	G	C	G	C	T	G	G	G	T	T	C	C	T	A	C	A	C	G	G	T	C	A	C	A	T	A	A	A	A	G	T	C	A	C	C	T	T	T	C	T	A	T	T	T	A	A	C	A	A	T	A	A	A	G	C	C	G	A	T	A	A	C	C	A	T	T	A	T	T	G	T	C	T	T	C	G	G	T	C	G
#171	healthy	A	G	G	A	A	T	C	A	A	A	A	C	C	C	A	G	T	G	A	A	C	C	G	A	T	C	C	A	G	G	C	T	T	A	T	T	T	G	T	A	C	C	G	C	C	G	C	A	G	T	C	G	G	C	A	T	G	T	A	C	T	G	T	T	T	C	C	A	T	C	G	G	G	C	G	G	A	G	T	C	C	T	T	C	C	A	G	C	C	G	C	G	C	A	G	C	T	A	C	A
#172	disease	C	C	A	A	T	A	A	C	A	C	T	G	A	C	C	C	C	G	C	T	G	A	A	T	A	A	T	A	C	A	A	T	A	G	C	G	G	G	G	C	G	C	C	T	C	C	C	C	T	C	G	C	G	A	C	T	T	T	A	T	G	C	C	A	A	A	G	A	C	T	C	G	A	G	G	G	C	T	G	A	T	G	T	A	G	G	G	A	T	G	T	C	A	G	T	G	C	T	C	A
#173	disease	T	A	G	A	A	G	C	T	G	C	A	A	G	T	G	T	C	T	C	G	G	C	G	A	A	T	T	C	C	G	C	C	C	G	G	C	C	C	C	C	T	C	A	A	C	A	T	A	G	A	C	A	A	T	A	A	G	T	A	C	G	T	G	T	T	T	G	C	T	A	T	G	G	T	C	C	G	A	G	T	G	G	T	A	G	C	A	G	T	T	C	T	T	G	A	C	G	C	T	T
#174	disease	T	G	T	T	G	C	G	G	G	C	A	A	T	G	G	A	A	T	A	C	A	T	G	G	A	A	A	A	A	C	G	G	C	G	A	T	G	T	T	A	C	T	A	T	A	A	G	T	T	A	G	A	G	C	C	G	C	G	T	C	G	C	C	A	A	A	A	A	G	T	A	T	C	T	T	T	T	T	T	G	C	A	A	T	C	T	C	A	C	G	G	C	T	G	G	A	G	C	A	G
#175	disease	A	G	G	G	T	G	G	G	C	G	A	T	G	T	T	C	T	A	A	A	C	A	A	G	C	G	A	G	A	G	C	C	T	T	C	G	T	A	G	A	A	C	C	C	T	G	C	A	G	C	C	A	G	T	T	C	G	G	T	T	G	A	C	G	A	C	C	G	G	C	A	G	A	C	G	A	C	G	G	T	G	A	C	C	T	G	C	A	G	A	G	G	A	T	G	C	T	G	A	A
#176	disease	T	T	T	T	A	A	C	T	A	C	A	C	T	C	G	A	A	C	A	C	A	A	A	A	T	G	G	T	A	A	C	T	C	C	C	G	A	C	T	C	G	A	C	C	G	T	T	G	G	G	C	C	G	C	C	A	G	C	T	C	A	C	T	A	G	C	G	A	A	G	G	C	T	A	G	A	A	G	A	C	C	T	C	G	C	T	C	A	A	G	T	T	T	G	A	A	G	T	G	A
#177	disease	G	G	G	T	C	A	C	A	C	G	T	G	C	C	T	G	T	A	C	A	G	T	C	C	G	A	A	C	G	G	C	G	A	T	T	T	C	C	G	T	G	C	C	C	C	T	T	C	A	G	C	G	G	A	C	C	G	G	T	A	C	A	C	C	A	G	A	T	T	G	G	T	T	A	A	G	C	C	A	A	C	C	T	A	G	C	C	C	G	A	C	A	G	G	T	C	C	G	A	A
#178	disease	T	A	T	C	C	T	A	C	T	T	C	G	G	T	C	G	C	C	T	T	C	A	G	G	A	T	C	G	G	G	G	A	T	C	G	C	C	T	C	G	G	C	A	C	T	T	T	C	A	G	T	G	G	C	A	T	A	C	A	A	T	C	A	C	T	C	A	T	C	C	G	C	G	G	A	T	C	G	C	G	G	T	C	C	T	G	C	A	A	C	T	C	G	G	C	A	G	A	A	T
#179	disease	A	A	C	C	A	A	C	C	T	G	A	A	A	A	C	C	G	G	G	A	A	C	A	T	C	A	G	G	A	C	A	G	A	C	T	G	T	C	A	T	T	T	A	A	C	C	A	G	T	T	G	C	G	T	T	A	G	C	T	G	C	C	T	A	C	T	C	G	G	C	T	T	G	T	T	T	T	C	C	T	A	T	A	G	T	T	C	T	G	G	G	A	T	C	C	C	A	A	G	T
#180	disease	C	C	T	A	A	T	G	G	A	G	A	G	C	A	A	T	A	T	G	T	T	A	T	A	A	T	T	T	A	C	A	G	T	T	C	A	A	G	C	A	T	G	C	C	A	T	A	A	T	C	T	A	T	G	A	G	G	A	T	A	A	A	A	A	A	G	C	A	A	T	A	G	G	C	T	A	A	G	T	T	T	A	A	G	C	C	T	T	T	G	T	C	G	G	A	G	A	A	A	C
#181	disease	A	T	C	A	C	G	T	G	C	G	C	A	G	C	G	C	A	C	G	T	T	A	C	A	T	C	A	G	A	G	G	G	A	T	C	G	A	T	A	C	C	A	A	C	A	T	G	C	G	A	C	C	A	G	T	T	A	T	A	G	G	T	A	G	T	A	G	A	C	A	G	A	C	T	G	A	G	T	A	C	A	T	C	G	G	C	G	A	G	T	G	C	A	G	C	C	C	A	T	C
#182	healthy	T	A	A	C	T	G	T	G	G	T	A	T	C	A	G	C	A	C	G	A	C	T	A	T	C	G	C	T	C	G	A	G	T	C	T	A	A	T	G	G	C	G	G	G	A	C	C	C	A	G	T	G	G	A	T	T	T	C	T	A	T	A	C	C	T	A	G	G	C	T	T	C	C	T	A	A	G	C	C	C	G	C	C	A	T	A	A	A	A	C	A	G	G	A	T	T	C	C	G	G
#183	disease	T	G	G	G	C	T	T	C	C	A	T	T	C	C	A	T	G	T	T	A	G	A	T	G	T	C	C	G	A	A	A	A	G	T	G	C	T	A	C	A	A	C	A	C	C	T	A	C	A	G	A	T	C	T	G	T	T	G	T	T	T	T	C	G	A	C	G	G	C	A	T	T	A	T	T	C	C	C	G	G	G	A	C	G	T	T	C	C	G	C	G	A	T	T	C	G	G	A	G	T
#184	disease	T	G	C	C	C	T	C	C	A	C	T	G	A	T	T	A	C	G	T	A	G	G	G	A	G	A	A	G	A	T	C	A	C	C	C	A	C	G	C	A	A	C	A	A	A	A	C	A	A	A	C	A	C	A	G	C	A	T	C	C	C	C	G	G	A	A	G	C	C	A	T	A	T	A	C	T	T	A	T	C	A	A	G	A	A	G	C	A	A	A	C	T	A	G	C	T	C	C	C	C
#185	disease	A	G	C	A	A	A	A	T	G	G	T	T	A	G	G	T	T	A	A	A	A	T	G	G	A	G	T	C	A	C	T	A	A	G	C	C	T	A	A	A	C	C	T	A	G	T	G	A	G	C	A	C	G	G	A	T	G	T	G	A	A	G	G	A	A	A	C	A	G	G	C	G	T	A	T	T	G	G	G	T	G	A	G	G	C	C	G	C	G	T	C	T	A	C	G	A	C	G	G	C
#186	disease	T	G	A	C	G	C	C	A	T	A	C	G	G	C	C	G	T	C	C	T	G	A	C	G	C	T	C	A	A	G	G	A	C	G	G	G	G	A	T	A	G	G	A	A	A	T	G	T	T	T	T	A	G	C	T	A	C	C	A	T	C	A	A	G	G	T	C	T	T	T	C	G	C	C	A	G	G	T	C	C	G	C	C	G	C	T	T	A	T	C	G	A	T	A	T	A	C	C	C	C
#187	disease	A	A	T	G	T	A	T	A	T	G	A	G	C	C	A	A	T	T	G	T	T	C	A	A	A	A	T	T	A	G	G	A	G	T	T	A	G	A	T	T	C	A	C	A	G	G	T	C	G	C	G	C	A	G	T	T	C	T	G	T	C	A	G	C	C	G	C	T	C	A	T	C	A	G	A	T	T	A	C	C	C	A	T	C	C	T	T	G	G	A	C	C	C	T	T	T	G	C	A	T
#188	disease	A	A	T	A	A	A	G	G	C	A	T	T	A	T	T	G	A	G	A	T	G	G	T	A	C	C	T	A	A	C	G	G	T	T	G	G	A	T	C	T	T	C	A	T	T	T	G	C	G	C	C	A	A	T	A	A	G	T	G	G	G	C	C	T	T	A	T	A	A	A	C	G	G	G	T	G	C	T	G	T	G	A	T	C	T	A	C	A	T	A	C	C	A	C	G	T	A	T	C	A
#189	disease	C	C	T	A	G	G	A	C	T	C	T	A	C	C	C	G	A	T	G	C	G	G	C	C	G	A	C	A	A	T	T	A	A	A	T	T	A	C	A	T	C	C	C	A	C	T	C	C	T	A	T	T	C	C	C	G	A	A	C	C	C	G	T	C	G	A	C	G	A	A	A	C	C	T	G	G	G	T	T	A	A	A	C	C	G	C	T	T	C	T	T	A	A	T	T	T	G	G	C	A
#190	disease	C	C	A	T	T	T	C	T	C	G	C	C	C	G	G	A	G	G	T	A	G	G	T	T	T	T	A	T	A	C	T	C	G	G	C	G	G	C	C	A	C	G	C	C	G	A	G	A	G	A	G	C	G	G	A	T	A	T	T	C	A	G	G	T	G	G	G	T	G	T	A	A	A	T	G	A	G	T	G	A	C	T	G	T	A	T	G	G	G	A	G	A	A	T	T	G	C	T	T	A
#191	disease	C	A	G	A	T	A	T	T	A	A	A	T	A	T	G	T	G	C	A	A	A	A	A	G	G	C	A	C	A	T	T	G	C	C	A	T	C	G	T	C	G	T	T	C	A	C	A	T	A	A	T	G	G	C	A	G	C	T	G	G	T	C	G	T	C	C	T	T	C	G	G	T	G	C	C	A	G	A	A	C	C	G	G	G	C	A	C	G	G	T	T	T	A	C	T	A	C	T	T	A
#192	disease	A	A	G	T	A	T	A	A	C	C	C	A	T	G	C	A	A	G	T	T	A	C	C	C	A	T	A	A	A	G	A	C	G	G	G	C	T	T	G	A	T	A	C	C	A	G	A	A	G	T	T	A	T	C	A	G	C	A	T	A	G	T	G	C	C	G	G	T	T	C	G	G	A	G	T	T	A	A	A	C	G	T	T	C	G	T	T	G	T	C	C	A	C	A	G	G	T	A	T	T
#193	disease	A	A	A	C	A	G	T	G	G	A	G	A	A	G	A	A	T	T	A	G	G	G	G	A	A	A	C	C	C	A	T	C	G	G	G	C	A	A	C	C	A	T	A	T	T	T	G	C	C	A	T	G	G	T	C	A	T	A	G	T	G	C	T	A	C	A	C	T	T	T	T	T	G	C	T	T	T	T	G	A	T	G	C	C	T	T	G	A	T	A	T	G	A	C	A	C	C	A	G	C
#194	disease	C	A	G	T	A	T	A	G	A	G	T	A	G	T	C	G	A	T	C	T	G	G	G	T	G	T	A	C	A	T	A	T	C	A	A	T	T	T	T	C	G	G	G	A	C	C	C	G	A	A	C	G	C	G	T	C	C	T	G	C	T	C	C	A	C	A	G	C	C	C	A	A	T	T	G	C	C	C	G	T	A	A	C	A	C	C	T	T	G	A	T	G	T	C	C	T	G	T	C	C
#195	disease	A	T	C	A	A	A	T	A	G	A	A	C	A	C	C	A	G	G	T	A	C	A	C	A	A	T	T	G	G	G	A	G	C	A	G	T	G	T	A	C	A	A	G	T	A	T	C	C	T	C	T	C	C	A	C	C	T	G	T	A	G	G	G	T	G	A	C	T	A	A	C	C	T	G	G	T	A	T	T	C	T	C	G	C	G	T	C	A	C	T	G	C	T	T	A	G	T	C	G	C
#196	disease	A	A	T	A	C	T	T	A	T	G	A	G	G	C	G	C	G	T	G	A	C	T	G	A	T	A	G	C	A	G	A	C	C	A	T	C	T	A	G	G	A	G	C	T	A	G	G	G	A	C	T	C	A	G	T	C	G	A	G	T	C	C	A	C	C	A	C	G	T	G	G	A	C	C	T	A	C	G	C	A	A	T	T	T	C	G	T	A	T	C	T	G	A	C	C	A	C	T	T	T
#197	disease	C	G	A	A	G	A	G	A	A	G	T	G	A	C	C	C	C	C	A	G	G	C	T	G	A	C	C	C	G	T	A	C	A	G	A	C	T	C	A	G	A	C	G	G	C	G	A	G	C	A	A	G	C	C	A	T	T	G	A	A	A	C	C	T	A	G	T	C	T	A	G	A	A	C	C	G	T	C	T	G	A	G	G	C	G	C	A	T	G	A	A	A	T	C	A	G	T	T	C	A
#198	disease	A	C	C	G	G	G	A	T	A	A	G	G	G	G	T	T	A	G	G	T	A	C	G	C	C	G	G	A	A	G	C	A	G	G	A	C	A	G	C	A	G	T	C	G	G	C	A	C	T	A	G	A	C	A	A	T	A	C	C	C	T	A	C	A	C	G	C	C	T	C	C	A	C	C	T	G	G	G	A	T	G	A	G	C	C	A	T	A	C	T	A	A	T	T	C	T	T	A	A	T
#199	disease	T	G	G	A	T	A	T	C	G	T	T	T	G	T	A	T	A	A	A	A	C	A	T	G	T	C	A	A	A	G	T	A	C	C	T	T	A	C	C	C	T	A	A	G	T	C	T	C	C	G	T	A	A	T	T	G	G	A	T	G	A	C	G	A	C	G	A	T	A	T	T	C	C	G	T	A	C	T	T	C	C	G	T	C	C	T	G	A	G	A	C	A	G	G	A	A	G	C	A	C
#200	disease	C	A	C	A	C	C	G	G	T	G	C	T	G	C	C	A	G	C	A	T	G	G	C	C	T	C	C	A	G	G	G	T	A	G	C	T	C	T	C	A	A	C	A	A	G	C	T	C	A	C	A	C	T	A	C	G	A	G	G	C	C	C	C	A	G	G	A	C	G	A	A	T	G	C	C	C	T	T	G	A	T	T	C	G	C	C	T	T	T	C	T	T	A	T	C	A	G	C	G	C
#201	disease	A	T	G	A	A	A	T	A	C	C	G	G	A	C	C	C	A	G	T	A	A	T	C	G	T	C	A	G	C	T	A	T	G	A	T	G	G	T	A	A	G	G	A	C	T	C	C	A	C	C	T	C	C	G	G	G	G	G	C	C	G	T	C	A	G	C	C	C	T	T	A	T	G	G	T	C	G	G	C	A	T	C	T	C	G	C	C	A	T	A	G	A	G	A	C	A	C	T	T	T
#202	disease	C	T	G	G	A	T	G	T	A	T	G	A	G	G	G	C	C	G	T	C	G	G	A	A	A	A	T	A	C	T	T	A	G	T	T	G	T	T	G	C	A	T	C	T	G	C	C	G	T	C	G	A	C	A	T	A	G	A	G	C	G	C	T	T	G	A	A	T	A	T	G	C	G	G	C	T	G	T	C	C	G	A	G	T	C	A	A	G	T	G	T	A	C	C	G	G	T	T	A	T
#203	disease	G	A	A	T	A	G	A	T	T	C	T	T	A	A	A	A	G	C	G	C	A	G	T	C	G	C	G	T	A	G	T	C	C	T	C	A	G	A	G	G	T	T	G	T	C	T	A	A	A	A	A	T	A	A	A	G	T	C	G	A	G	G	T	G	G	G	T	A	A	A	A	C	A	C	C	T	G	A	G	T	G	C	T	G	T	T	G	T	A	C	A	G	T	G	G	A	G	T	A	T
#204	disease	T	C	G	A	G	T	T	G	A	G	G	T	C	G	G	G	A	G	A	A	G	A	T	T	G	A	G	C	T	C	G	A	C	C	T	A	G	T	T	A	G	C	A	T	G	C	G	T	T	C	A	T	G	A	T	G	T	T	G	G	T	C	A	T	T	A	G	T	A	T	C	G	A	C	A	G	C	A	C	G	T	T	A	T	G	G	T	C	T	A	G	T	T	C	C	A	A	G	T	A
#205	disease	C	G	A	T	T	A	G	C	G	A	G	C	A	G	G	A	G	C	G	A	C	G	G	A	A	G	G	T	A	T	T	G	G	A	T	A	G	C	C	A	T	G	C	T	G	G	A	T	C	G	A	G	C	T	T	T	C	A	A	C	T	A	G	A	T	C	A	T	C	C	A	A	T	G	T	C	G	G	G	C	G	A	C	T	G	T	G	G	C	G	G	G	A	A	C	T	T	G	A	A
#206	disease	C	G	A	T	T	T	C	T	C	T	T	G	G	G	T	A	G	C	C	C	T	T	A	T	C	A	C	G	C	A	G	G	A	C	A	G	T	C	C	C	A	T	C	C	A	A	A	C	A	G	C	C	C	C	C	G	G	G	G	T	C	A	A	A	C	G	A	A	A	C	T	T	G	G	T	C	A	T	A	G	T	T	T	T	T	C	T	A	A	A	G	T	A	C	C	C	G	G	G	G
#207	disease	T	C	T	G	G	A	G	A	C	C	A	G	C	C	C	A	C	T	C	G	T	T	A	A	A	G	T	G	A	T	G	T	G	G	T	T	A	C	C	T	T	G	A	T	G	A	G	G	G	A	T	G	A	T	T	T	C	A	C	C	C	A	G	C	A	A	T	C	A	A	C	T	G	G	A	G	A	C	G	G	T	G	T	A	A	G	A	T	C	A	A	T	A	C	G	T	A	T	T	A
#208	disease	C	T	G	A	T	C	A	T	C	C	A	G	A	T	A	T	C	G	A	C	A	C	A	G	C	A	A	G	G	A	T	A	C	T	T	C	G	A	C	T	G	C	G	T	C	A	T	C	A	G	G	T	C	G	A	A	C	A	A	C	G	G	A	A	C	T	C	A	C	G	C	A	G	A	G	C	C	T	G	G	G	G	G	A	T	C	T	T	T	A	T	T	A	C	C	C	C	C	T	T
#209	disease	G	G	T	G	G	G	C	T	A	C	G	A	A	A	A	T	G	C	A	C	G	G	A	A	C	A	A	T	T	C	T	C	G	C	T	C	G	G	C	A	A	T	G	T	A	A	G	C	A	A	C	G	G	G	C	T	C	C	A	A	G	A	G	C	G	T	C	T	G	A	C	A	C	C	G	A	A	G	A	T	G	C	A	C	A	A	C	C	A	G	C	A	T	C	A	C	C	C	T	A
#210	disease	C	G	C	A	A	T	T	A	G	A	A	A	T	A	C	C	A	A	G	G	T	G	A	C	C	T	T	G	A	G	C	T	A	A	C	C	T	A	G	T	C	T	G	C	T	A	G	C	C	A	A	A	T	C	G	C	C	T	C	T	C	T	C	A	C	A	A	C	C	T	A	C	T	G	C	T	A	G	G	A	T	C	A	C	A	C	G	C	T	G	T	A	A	G	G	C	A	G	A	T
#211	disease	C	G	T	A	C	A	C	A	A	C	A	T	A	C	G	T	G	A	T	C	C	T	T	C	G	A	T	T	C	A	A	G	C	A	G	T	T	G	T	C	G	C	G	G	G	T	T	T	T	G	T	T	A	T	T	G	T	T	C	T	C	A	A	C	T	G	T	G	A	C	C	A	T	C	G	T	A	A	A	G	C	T	C	A	A	G	C	G	A	G	G	T	G	C	T	G	T	C	T	T
#212	disease	A	A	T	A	A	C	T	G	A	T	C	G	T	C	C	C	G	G	G	G	A	C	G	A	C	G	A	T	G	C	C	T	C	C	G	C	T	A	T	T	A	C	G	T	C	A	G	T	A	G	G	G	T	T	A	A	G	G	G	T	T	C	C	G	G	T	G	A	T	A	C	A	T	T	G	T	C	G	G	G	T	A	G	G	T	A	T	A	T	A	A	G	G	A	T	G	C	A	T	C
#213	disease	G	G	C	T	T	T	C	G	A	C	C	T	G	C	T	T	G	T	C	A	G	A	G	A	T	A	C	T	A	T	T	G	C	C	C	G	C	A	C	G	A	C	T	A	T	C	A	A	C	A	T	A	T	G	A	A	C	A	G	G	C	C	T	A	G	G	G	A	T	T	C	T	G	T	C	C	T	C	G	C	A	C	A	A	C	T	C	T	C	G	C	C	G	T	T	G	G	C	G	T
#214	healthy	A	G	A	T	C	G	T	A	T	A	A	C	C	G	T	T	A	T	T	T	T	G	C	G	T	A	G	T	T	G	C	A	G	T	C	C	A	G	C	T	A	T	T	G	C	G	T	G	A	T	A	C	G	C	A	C	G	T	T	A	G	T	C	T	G	A	C	A	C	C	C	A	T	G	G	A	A	C	T	A	T	G	G	C	T	C	A	T	T	C	A	C	T	A	G	A	G	T	C	C
#215	disease	C	A	C	A	T	T	G	T	C	C	T	G	A	C	G	G	G	A	G	A	A	T	T	A	T	C	C	T	A	A	C	C	T	A	T	C	G	C	T	T	G	A	G	G	G	A	C	T	T	A	A	A	A	G	T	G	G	T	G	G	G	G	C	C	C	T	T	G	T	C	T	C	T	C	C	C	G	C	T	G	G	C	A	G	T	G	T	G	A	A	T	T	T	A	G	G	G	A	T	G
#216	disease	C	G	C	G	A	G	T	G	G	T	G	T	C	C	C	C	T	T	A	C	A	C	T	G	A	G	C	T	A	G	G	C	A	A	C	A	G	G	T	T	A	C	T	T	G	A	C	T	T	G	G	C	T	G	G	G	T	C	G	A	A	A	G	G	A	A	C	G	C	C	A	C	G	C	C	G	C	A	C	T	T	C	G	T	C	A	G	A	A	T	A	G	A	T	T	A	G	C	A	T
#217	disease	A	C	A	C	T	C	T	G	T	T	A	T	G	C	A	T	A	A	G	T	A	T	A	T	G	A	C	C	G	C	G	G	G	C	T	C	A	T	G	T	A	G	C	A	G	T	G	A	T	G	A	C	A	G	T	C	A	G	A	A	C	C	T	G	T	C	C	A	A	C	C	A	T	G	T	C	G	T	A	G	T	T	C	A	C	G	G	G	C	A	C	T	C	A	T	T	C	A	T	G
#218	disease	G	T	G	C	C	G	C	C	A	G	A	G	G	C	C	A	A	G	C	C	A	A	A	C	G	G	G	C	A	A	G	G	A	T	G	T	G	G	C	T	C	T	T	G	A	G	T	T	A	G	C	C	A	G	T	C	A	C	G	C	C	G	C	T	C	G	G	G	T	T	A	C	C	C	A	G	G	A	G	G	T	G	C	G	G	A	A	T	T	G	A	C	C	C	T	T	G	G	G	T
#219	disease	T	C	T	T	T	G	G	G	G	G	G	T	T	C	A	C	C	C	T	G	T	A	G	G	C	A	A	C	G	A	A	G	A	G	T	G	T	A	A	C	G	G	A	A	C	A	C	G	G	C	A	C	C	T	C	T	C	A	A	G	G	C	T	T	G	A	C	G	T	C	A	G	T	G	A	C	C	A	G	C	C	G	G	G	T	C	A	T	A	C	A	A	G	C	A	T	C	T	T	A
#220	disease	T	C	A	A	A	T	C	C	T	A	T	C	T	G	T	G	A	C	C	G	C	T	A	T	G	C	A	C	A	A	C	G	C	G	C	C	G	T	A	T	C	A	G	C	G	G	A	A	T	C	G	A	G	C	C	G	C	T	T	A	T	C	A	A	T	C	T	C	A	A	T	A	G	C	G	T	T	A	A	T	T	A	A	T	A	C	T	G	A	G	T	A	A	C	G	T	T	C	G	C
#221	disease	G	T	C	C	T	A	A	G	G	T	A	A	C	C	G	A	A	A	A	G	T	C	A	A	G	A	T	C	C	T	G	G	C	C	G	C	C	A	T	T	T	G	C	G	A	A	A	T	C	C	T	C	G	T	G	G	G	T	C	A	T	T	C	A	A	G	A	C	A	T	G	C	C	C	C	G	T	A	T	A	G	C	A	G	G	C	C	A	T	G	C	C	C	T	C	T	C	G	C	G
#222	disease	T	G	G	A	C	T	C	A	A	C	A	C	G	C	C	G	C	A	A	G	C	A	C	C	T	G	A	C	A	T	C	C	T	C	T	C	G	G	T	C	G	T	C	A	T	T	C	T	A	T	A	T	C	C	A	A	G	T	C	A	C	A	G	A	T	T	T	C	C	G	C	T	A	T	T	C	A	A	T	C	C	C	A	A	C	G	T	A	A	C	C	C	C	C	T	C	C	C	T	G
#223	disease	T	C	G	T	A	A	A	C	G	A	C	A	T	G	A	T	G	C	A	A	A	G	T	G	T	T	C	C	A	G	G	A	C	G	T	G	A	A	T	C	C	G	C	T	C	T	T	T	C	C	G	T	T	A	A	T	T	T	G	G	A	A	G	G	G	A	G	T	G	A	T	T	C	G	C	G	T	T	C	T	G	A	G	T	C	A	T	A	T	T	A	G	A	G	C	T	C	T	T	A
#224	disease	C	T	C	C	C	G	C	T	C	A	G	C	G	C	T	A	T	C	C	T	G	T	A	A	C	T	C	T	A	C	C	C	A	C	T	C	C	T	A	C	C	T	C	T	T	C	T	C	A	C	T	T	G	G	A	T	T	G	T	T	G	T	T	C	G	T	A	G	A	C	G	G	T	G	C	T	T	G	T	A	T	G	A	C	C	A	G	A	C	T	T	C	A	C	T	A	C	C	T	C
#225	disease	A	T	G	G	A	A	A	A	G	T	A	G	A	C	C	G	C	C	G	C	T	A	A	A	G	A	T	T	A	C	A	T	A	T	G	G	G	C	G	A	G	C	A	T	G	G	A	T	C	C	A	T	C	G	A	G	T	A	C	A	G	C	A	G	T	G	A	A	A	G	G	A	G	T	T	T	G	A	T	C	A	A	A	A	A	G	G	T	T	A	G	C	T	T	G	G	A	G	T	A
#226	disease	T	C	A	A	A	T	G	C	G	A	T	T	T	C	A	G	C	C	A	A	A	C	T	A	G	C	C	G	A	G	C	G	T	G	T	G	C	C	G	G	G	T	C	G	T	A	A	A	T	C	T	T	G	G	C	T	G	G	T	G	T	C	C	C	T	A	C	C	G	T	T	G	G	T	C	G	A	A	T	A	A	C	A	G	A	T	A	G	C	A	T	A	A	C	C	A	C	G	G	G
#227	disease	T	G	G	T	T	G	C	G	C	C	C	G	C	A	G	G	T	C	T	A	T	T	G	A	G	A	T	A	A	T	A	G	C	T	T	T	G	G	A	G	G	G	A	A	C	A	C	C	G	G	A	A	C	C	T	A	A	A	T	A	C	A	C	G	G	T	A	T	A	A	G	G	T	T	G	G	A	C	G	T	G	T	C	G	G	T	G	C	C	C	C	T	A	A	A	G	T	T	T	A
#228	disease	C	C	G	C	G	A	A	C	C	G	C	A	A	A	A	G	C	A	T	A	G	T	A	G	G	T	A	T	T	A	C	C	T	A	T	A	T	A	A	G	A	A	T	T	C	A	A	A	A	C	G	C	A	C	T	C	T	T	A	G	T	C	A	G	G	G	A	A	T	A	A	T	C	C	A	T	T	G	T	G	A	G	C	A	C	T	G	G	A	C	T	T	G	T	C	C	A	C	A	C
#229	disease	T	A	G	A	T	G	T	T	G	C	C	C	G	G	C	G	T	C	C	C	T	T	G	G	G	T	C	T	A	G	A	T	G	G	C	G	T	A	G	A	C	T	G	C	G	T	T	C	T	G	A	C	T	T	T	A	A	A	C	G	C	T	T	G	C	A	C	A	C	C	T	C	T	C	A	G	G	T	A	C	C	C	A	C	T	C	A	C	C	C	T	C	T	A	T	C	A	G	T	C
#230	disease	A	C	G	T	G	A	T	T	T	A	A	G	A	A	G	G	A	T	G	C	T	A	C	G	G	A	G	G	A	C	G	A	G	T	T	A	A	C	T	T	G	G	A	C	A	G	A	C	T	G	C	A	C	G	G	T	A	G	C	C	A	T	A	T	C	G	G	A	G	C	A	G	C	G	A	T	G	T	C	A	G	A	C	T	C	A	T	G	T	G	T	G	T	G	G	A	G	A	G	G
#231	disease	G	C	C	G	C	C	C	A	A	G	A	G	T	C	A	A	T	A	G	A	T	A	T	T	T	A	G	A	A	T	G	A	A	A	G	T	C	A	A	T	A	C	C	C	A	T	T	A	C	T	G	T	T	C	T	C	T	G	G	T	T	A	G	G	C	G	A	G	G	G	C	T	T	G	T	T	C	C	C	G	C	G	T	C	T	T	C	G	T	G	G	C	G	G	A	A	C	A	A	A
#232	disease	T	G	T	G	G	T	T	G	A	C	C	C	A	C	G	C	C	T	T	T	C	G	G	A	C	A	A	A	A	C	A	A	C	T	A	A	A	G	G	A	A	C	G	C	A	A	T	A	T	A	A	A	A	A	G	C	A	G	A	A	G	A	C	T	C	C	G	T	G	T	A	A	T	G	G	C	T	C	G	G	G	C	T	G	A	T	T	C	G	T	C	T	A	C	C	G	C	A	G	G
#233	healthy	T	T	G	T	C	G	T	C	A	A	T	G	C	G	T	C	C	G	A	A	C	A	G	G	G	C	A	A	A	G	G	A	G	C	G	A	C	G	A	T	G	G	A	G	A	G	C	C	A	A	T	C	T	A	T	A	C	C	C	T	A	G	A	C	A	C	C	T	T	T	C	C	G	G	T	C	T	G	T	T	A	C	T	G	C	T	G	C	C	C	A	G	T	G	A	C	C	C	A	G
#234	disease	T	A	T	G	A	C	A	A	C	T	G	G	T	T	C	G	C	C	C	C	G	T	G	C	A	T	A	C	A	T	G	T	G	A	C	A	G	G	T	C	A	T	A	C	G	G	A	C	A	G	G	A	A	T	T	T	A	C	G	A	G	C	G	C	T	A	T	C	G	T	C	C	G	G	T	G	T	T	A	C	G	C	C	A	T	T	G	T	T	G	A	A	A	C	C	A	A	T	T	A
#235	disease	G	C	C	T	A	G	G	C	C	G	C	C	G	G	G	T	A	A	G	C	A	G	G	T	C	T	A	T	C	G	A	C	G	A	C	G	C	A	A	A	G	A	A	G	A	G	A	A	C	A	A	C	C	T	A	T	C	G	G	T	G	T	A	A	A	A	T	C	G	C	T	A	C	C	G	C	T	G	C	G	C	A	G	C	A	C	G	G	C	A	T	C	T	C	C	A	A	G	T	A
#236	disease	G	A	G	A	T	T	C	C	C	A	C	A	G	C	T	C	T	C	C	C	G	T	G	T	A	A	A	T	C	T	T	T	C	T	G	T	G	C	T	C	T	C	G	G	C	G	T	T	T	T	G	G	C	T	A	T	C	A	A	T	C	A	T	C	C	A	G	C	A	A	G	G	T	T	C	C	C	T	T	T	G	A	T	A	A	C	G	T	T	A	A	G	C	C	G	C	T	T	C	A
#237	disease	T	G	A	G	A	G	A	G	A	C	C	T	T	C	T	A	A	C	G	G	A	C	T	T	G	T	T	G	G	G	C	C	T	A	G	C	G	T	A	C	T	G	T	A	C	A	G	C	C	C	C	C	G	C	T	A	T	T	T	G	T	A	C	T	T	A	A	G	C	C	C	C	T	C	G	G	C	T	A	T	C	G	T	T	G	C	T	G	C	T	G	G	T	C	C	G	T	A	C	T
#238	disease	T	T	C	G	C	T	C	G	A	T	A	C	A	A	G	G	G	G	T	G	T	C	T	A	A	C	T	A	G	A	T	T	A	A	C	A	T	A	A	A	G	C	C	G	G	A	A	G	G	C	A	G	T	C	A	C	A	G	G	A	C	C	A	G	G	T	T	G	C	T	A	T	T	C	C	C	A	C	G	C	T	T	A	T	G	A	C	A	T	T	G	A	G	T	C	C	T	A	T	T
#239	disease	A	C	G	C	G	G	G	A	G	C	A	T	A	T	C	T	C	T	C	C	G	C	T	A	C	A	A	T	A	A	C	T	A	T	G	A	T	C	A	T	T	C	G	A	A	C	G	T	T	G	G	A	G	A	G	G	C	C	T	C	C	C	C	C	T	G	A	T	C	C	A	A	C	C	T	A	G	A	A	C	C	C	A	G	G	C	G	A	T	A	C	G	T	A	T	G	T	C	T	G
#240	disease	G	G	A	G	G	C	A	G	G	C	A	C	A	A	C	T	A	T	A	T	C	C	G	G	A	T	A	A	G	T	G	C	C	C	C	A	C	C	G	A	A	A	G	A	A	G	C	A	C	C	T	A	T	T	G	A	C	G	A	T	G	T	G	G	G	T	G	A	C	C	C	G	C	A	C	T	G	G	C	G	T	C	T	G	C	A	G	G	T	T	T	A	A	T	T	A	G	T	C	T
#241	disease	A	A	C	A	T	T	C	T	A	T	C	T	G	A	T	G	G	T	A	T	C	G	T	C	T	C	A	T	C	C	G	C	G	C	A	G	T	T	T	G	A	T	T	T	A	A	A	T	C	C	A	G	T	T	G	C	T	A	A	T	A	G	C	A	C	G	G	G	C	G	C	T	C	T	T	G	G	T	C	G	G	A	G	G	C	A	T	A	T	A	G	A	C	C	A	T	A	T	C	A
#242	disease	T	T	C	G	A	T	G	T	T	T	T	T	C	G	C	T	G	A	G	T	T	G	C	A	A	A	A	C	A	G	C	C	G	C	G	C	A	T	C	T	C	T	A	A	T	T	G	G	C	C	G	G	A	T	A	T	T	C	G	C	G	T	T	C	G	G	A	T	A	G	A	G	C	C	T	C	A	C	C	G	G	G	C	T	C	C	C	C	A	T	T	T	C	T	G	C	G	G	T	T
#243	disease	A	A	T	C	G	A	A	A	G	C	T	A	C	G	C	A	T	G	A	T	T	C	T	G	A	T	C	G	A	G	G	C	T	G	A	C	A	G	T	G	A	A	C	G	G	G	A	C	A	C	T	A	G	T	A	T	A	C	C	C	G	A	C	C	T	A	C	A	A	G	C	C	T	A	G	C	C	T	C	G	T	G	T	G	T	A	C	C	G	T	G	T	A	A	T	G	T	A	G	A
#244	disease	A	A	A	C	G	G	A	A	A	C	G	A	T	C	G	T	G	G	G	G	A	G	C	T	A	G	C	T	C	G	T	T	A	A	G	A	T	C	T	A	C	C	A	A	T	G	C	A	A	T	C	C	C	A	T	G	T	A	C	A	A	G	A	A	G	G	T	T	C	A	A	G	G	T	C	A	C	T	A	T	C	A	T	T	A	G	A	T	G	A	A	A	C	A	C	A	G	G	G	C
#245	disease	A	G	A	T	A	C	G	C	A	T	T	T	G	A	C	T	A	G	C	T	A	C	C	A	A	C	C	T	C	A	C	A	G	C	A	A	A	G	G	A	G	C	C	G	A	T	C	T	A	A	C	A	C	A	T	G	A	C	T	T	G	T	A	C	G	T	C	T	T	A	A	T	A	C	T	A	A	T	T	T	T	T	G	T	A	T	A	A	T	G	A	C	G	T	T	C	A	A	C	T
#246	disease	A	C	C	C	A	A	C	G	T	G	T	G	G	T	A	G	C	C	A	T	A	T	T	C	A	G	C	G	A	A	T	G	G	C	T	G	A	G	A	T	T	G	C	T	C	T	A	T	C	T	C	T	G	T	C	G	A	C	T	G	C	G	A	C	C	T	A	G	T	G	T	G	A	A	A	C	T	C	G	T	C	G	C	C	T	C	C	A	A	T	A	C	C	A	A	C	G	C	T	T
#247	disease	G	G	C	A	A	A	G	T	C	A	G	A	C	T	G	C	T	T	T	A	A	T	A	T	G	C	A	T	A	T	A	C	C	G	C	T	C	G	A	C	C	T	A	C	A	G	G	A	T	A	T	T	T	T	T	C	A	A	G	A	G	G	G	T	G	G	T	A	T	T	A	T	T	C	C	G	T	G	G	G	T	C	C	A	G	G	G	G	T	T	T	A	A	A	T	G	G	T	C	C
#248	disease	A	C	T	G	C	T	C	C	A	A	T	T	C	T	C	G	G	T	C	T	T	G	T	T	G	T	A	A	A	C	C	C	C	G	C	A	T	G	T	G	C	T	A	C	C	A	T	T	G	C	G	C	T	T	C	A	T	T	A	G	A	C	T	C	A	C	C	C	C	G	A	C	A	C	G	A	A	C	G	C	A	C	G	A	C	A	C	A	C	C	A	T	G	A	A	G	A	A	C	T
#249	disease	G	T	C	C	G	A	G	A	A	C	A	A	G	G	G	T	T	T	G	G	G	A	T	C	C	C	T	A	A	A	C	T	G	C	A	G	A	T	G	T	G	A	C	T	C	A	T	G	C	A	G	A	G	A	A	T	A	G	A	G	G	G	T	T	A	C	G	A	C	G	G	T	T	T	C	C	C	G	G	C	C	T	A	A	C	T	T	C	C	G	T	G	G	A	C	T	A	C	A	C
#250	disease	C	T	C	G	A	A	T	C	A	T	G	C	T	T	G	A	A	G	A	A	G	A	T	C	G	G	A	G	A	T	A	T	C	T	G	A	G	T	G	T	C	C	G	A	T	G	C	C	T	A	G	G	C	G	C	G	T	A	C	A	C	G	A	G	C	A	A	A	T	T	A	A	T	A	C	C	C	A	T	G	C	A	A	C	A	G	C	A	A	C	T	C	G	A	A	T	T	A	G	T
#251	healthy	G	A	G	A	C	C	C	T	A	A	C	A	C	C	T	T	T	C	A	G	C	G	C	T	A	G	G	T	C	G	C	A	G	C	C	G	T	A	G	C	T	A	G	C	T	A	G	T	T	C	A	C	T	G	G	C	A	C	G	T	G	T	T	T	T	A	T	C	G	A	C	A	A	G	C	G	T	G	G	T	G	C	T	T	G	A	G	C	G	G	C	T	A	C	G	T	C	C	G	T
#252	healthy	C	G	G	T	T	T	T	C	A	G	C	A	C	T	G	A	A	G	G	A	T	G	A	T	C	C	A	T	C	C	T	T	A	G	A	A	G	G	A	T	A	A	T	C	G	A	A	A	G	T	G	C	C	G	C	A	G	C	T	T	G	C	A	A	A	A	G	C	T	A	G	C	T	T	T	A	A	A	A	T	T	C	T	A	C	G	T	T	G	T	G	C	C	A	T	T	T	T	C	C
#253	disease	G	T	G	G	G	A	A	G	G	A	A	T	T	T	C	T	G	T	T	G	G	C	T	A	T	A	C	T	T	A	G	A	A	C	G	G	T	C	T	T	T	C	G	C	T	A	A	T	C	A	T	C	C	C	G	C	G	C	T	G	T	C	G	T	T	A	C	C	A	G	A	G	G	G	C	G	A	G	A	C	G	A	C	A	T	T	G	C	G	T	A	A	A	C	T	T	T	A	C	A
#254	disease	G	T	G	T	C	T	G	C	T	G	G	C	T	C	C	C	A	C	C	T	C	A	A	G	A	C	T	G	T	G	C	C	C	G	G	G	G	T	A	C	G	T	G	T	A	G	C	C	G	C	G	T	T	T	C	G	C	G	G	T	G	T	A	A	T	C	T	C	C	G	A	C	A	T	T	A	G	T	C	C	G	T	C	T	G	C	T	T	A	G	T	C	A	G	G	A	T	G	G	A
#255	disease	A	C	C	T	T	G	C	C	A	T	A	A	T	T	C	G	T	C	A	A	A	C	G	G	G	T	G	G	T	C	C	A	A	T	C	C	T	T	T	T	A	T	G	T	G	G	A	C	T	C	T	G	T	C	T	A	A	G	C	G	C	T	C	A	C	A	G	G	G	A	C	A	G	C	T	A	C	T	A	A	G	C	T	C	G	T	G	A	C	C	C	C	G	C	T	T	A	T	A	C
#256	healthy	G	C	A	A	A	T	G	C	G	G	G	G	A	C	T	G	G	G	G	G	G	T	A	T	A	T	C	C	T	T	C	T	G	G	A	G	G	G	G	G	T	C	T	A	C	T	A	G	G	T	T	T	T	G	G	C	C	C	A	T	G	C	A	A	G	T	T	G	C	G	C	A	T	A	G	G	A	C	T	C	C	A	C	G	C	G	T	T	A	C	A	A	C	C	C	A	A	T	G	G
#257	disease	G	G	T	C	G	A	G	T	A	T	A	C	G	T	A	T	C	A	G	C	G	T	C	A	G	A	G	G	A	T	G	G	G	C	G	C	G	C	C	G	C	G	A	T	A	G	C	A	A	G	A	C	A	T	G	C	G	G	G	C	C	G	T	C	G	A	A	G	A	T	G	T	G	C	T	T	C	G	C	A	G	T	G	C	A	T	G	C	C	T	A	T	T	G	G	C	G	T	A	C
#258	disease	A	T	T	C	A	C	A	T	T	A	C	T	G	C	G	T	G	T	A	A	G	T	G	T	T	C	T	G	C	C	C	C	C	C	C	A	G	T	T	A	G	A	A	G	T	G	T	A	A	T	T	T	A	G	A	C	G	C	C	G	A	T	G	A	A	G	A	A	G	C	T	G	G	G	A	C	T	C	T	T	G	A	G	C	C	A	A	A	T	G	T	G	A	T	C	A	T	C	T	G
#259	disease	G	A	T	C	A	G	A	G	T	T	A	G	G	T	G	T	C	T	C	T	T	C	T	G	T	C	C	C	A	C	A	C	A	G	C	G	G	T	A	T	A	C	G	T	C	G	C	G	T	A	G	C	T	A	G	G	A	C	G	T	A	C	G	C	T	C	T	C	A	G	T	C	A	T	T	T	T	C	A	C	C	T	A	T	T	A	G	A	G	G	C	T	A	T	T	C	A	A	A	C
#260	disease	G	G	A	G	T	T	C	A	A	G	T	A	G	T	G	A	T	G	T	T	T	G	G	C	A	C	G	T	A	G	A	C	A	A	T	G	C	C	G	A	A	G	T	G	T	C	G	G	G	A	A	A	T	A	C	T	G	T	C	C	C	G	T	C	G	C	G	T	A	C	G	C	G	G	G	A	C	T	A	C	G	C	G	A	C	A	G	C	G	G	T	A	T	C	T	A	A	T	G	C
#261	disease	G	T	C	G	A	G	T	G	A	C	T	C	T	A	A	G	G	T	T	T	A	G	G	C	C	G	A	A	A	G	T	A	C	A	C	G	T	A	T	C	G	A	A	A	G	C	T	A	A	C	A	T	T	A	G	G	G	A	A	A	A	T	T	T	G	A	C	C	C	G	A	C	G	C	T	C	G	T	G	G	T	T	T	C	A	C	T	T	T	G	C	C	A	A	T	C	C	C	G	T
#262	healthy	T	C	A	T	T	G	G	A	C	C	A	C	T	A	T	A	A	C	A	T	T	A	A	T	T	A	A	T	C	G	A	C	G	G	G	A	C	A	T	T	T	C	T	G	C	A	C	T	C	T	T	C	A	T	G	G	T	G	A	G	G	A	G	G	G	G	T	A	G	G	T	T	G	A	C	G	C	G	C	C	C	T	C	A	A	G	A	C	C	G	T	A	C	T	T	A	C	A	T	C
#263	healthy	A	A	T	C	G	T	G	T	A	A	A	A	G	G	A	A	A	C	A	C	A	T	C	A	A	T	G	A	T	T	G	T	T	C	G	C	G	C	T	T	G	A	T	A	T	A	C	A	T	T	T	G	A	A	G	A	A	A	T	C	G	G	G	A	T	G	C	G	A	A	T	C	C	C	T	T	G	T	C	T	C	G	A	A	G	T	C	C	G	C	A	A	G	T	T	A	G	G	A	A
#264	disease	T	C	C	T	T	G	C	A	A	T	A	T	T	T	A	G	G	A	C	C	C	C	T	G	G	G	T	T	G	A	A	C	A	C	T	T	C	C	C	T	C	C	A	T	T	A	A	G	T	A	C	T	A	G	C	A	G	G	A	G	T	G	G	G	G	T	C	T	A	T	G	A	A	A	C	T	C	A	C	A	G	A	G	A	A	T	A	A	C	G	T	G	C	C	C	A	A	T	A	C
#265	disease	A	G	A	C	G	C	A	A	C	T	T	G	C	C	G	T	G	T	G	C	T	A	A	A	C	A	G	C	T	C	C	G	A	C	G	A	G	C	C	G	G	T	T	C	G	T	C	C	G	A	T	T	T	A	T	A	C	A	C	T	A	T	C	T	C	T	A	G	G	A	C	A	T	G	G	A	A	G	T	T	G	T	A	C	G	C	C	T	G	G	T	T	A	G	T	A	C	G	C	T
#266	disease	A	C	G	T	A	C	G	A	G	C	C	A	A	G	T	G	G	T	A	G	A	T	A	C	G	C	A	T	A	A	A	A	G	G	T	G	T	G	G	A	G	T	G	G	G	T	G	C	G	A	G	G	A	A	C	C	G	T	T	A	T	C	G	G	G	T	G	C	A	T	A	G	C	C	A	T	G	A	T	T	C	T	G	A	T	C	A	T	C	T	A	G	A	T	G	A	G	G	C	C
#267	disease	A	T	A	C	A	G	C	G	G	A	G	A	G	G	T	G	G	A	G	T	A	C	T	C	C	C	A	T	G	T	G	G	G	G	C	T	C	G	G	T	G	C	T	G	A	T	G	C	G	G	A	A	T	A	T	T	C	C	A	C	G	C	C	A	C	T	A	A	G	A	G	C	A	T	G	G	A	C	C	A	T	C	G	A	T	T	A	C	C	T	T	C	C	G	A	A	C	G	T	T
#268	disease	T	G	C	T	A	C	C	T	A	G	C	C	A	A	C	G	A	A	A	T	A	C	G	T	G	C	C	G	A	T	T	G	A	T	G	C	A	A	C	C	G	T	C	C	G	A	A	A	G	A	G	G	C	A	T	A	C	G	A	C	C	A	G	A	G	G	G	A	C	C	C	G	G	T	G	G	A	G	G	C	T	A	G	C	C	T	T	C	G	G	C	A	A	G	A	G	T	T	A	T
#269	disease	C	G	T	A	T	G	C	T	T	T	G	A	A	T	T	A	C	C	T	G	C	A	C	G	A	A	A	C	A	G	T	T	A	C	A	C	A	T	T	G	G	G	T	A	A	T	A	G	G	A	G	G	A	C	C	A	T	G	T	A	T	C	G	T	A	A	C	T	A	A	G	C	G	T	A	A	C	T	T	T	C	G	A	A	A	C	G	T	T	T	A	C	A	T	G	A	G	T	A	C
#270	healthy	G	G	C	C	C	C	C	G	C	C	T	C	T	C	A	C	A	G	G	C	C	G	T	C	C	A	G	G	A	T	T	T	T	G	C	C	T	C	T	G	A	G	T	T	A	A	T	G	T	C	C	C	A	A	C	G	C	A	A	T	C	A	A	A	T	G	T	T	G	T	G	C	C	A	G	T	G	T	C	T	A	A	G	C	A	G	C	C	A	T	G	C	C	C	A	G	T	G	C	A
#271	disease	G	A	T	C	A	G	C	C	G	T	T	T	C	G	A	A	C	C	G	T	C	C	G	G	A	A	T	A	A	T	G	C	T	C	T	G	C	G	A	C	A	G	A	G	A	A	A	C	G	A	A	G	G	T	C	A	G	C	G	A	G	A	A	T	C	C	T	A	G	A	T	C	G	A	C	A	A	T	T	T	T	G	C	G	G	A	G	A	T	C	A	C	C	A	T	C	A	T	G	A
#272	disease	T	G	T	C	C	A	T	G	G	C	C	T	T	C	A	C	T	G	T	C	A	A	G	T	T	A	T	C	A	C	A	T	G	T	T	C	T	G	G	C	G	C	C	T	C	T	G	G	T	A	A	G	T	C	T	C	G	A	A	C	A	A	G	T	C	G	T	T	A	G	G	A	G	C	A	T	G	T	G	T	A	G	C	A	C	A	C	T	G	C	C	C	C	T	A	C	G	A	G	T
#273	disease	C	A	C	C	C	T	G	G	T	G	C	A	A	T	T	C	G	G	G	T	C	C	T	C	A	G	T	A	A	A	G	C	A	T	C	G	G	A	A	A	T	G	C	G	A	G	A	C	A	T	G	G	C	T	A	G	C	T	T	T	T	A	G	A	G	G	A	A	C	A	G	T	C	C	A	C	G	A	G	C	C	T	A	T	T	C	A	T	T	A	A	T	G	A	T	C	G	T	A	C
#274	disease	T	T	A	A	T	G	T	C	C	T	A	C	A	G	G	T	C	A	G	G	T	G	G	A	A	T	A	A	A	G	T	A	A	G	T	T	A	T	T	A	G	G	T	G	G	T	C	G	T	G	C	T	A	G	A	C	T	A	G	T	A	T	C	C	C	G	A	G	G	T	G	G	A	C	T	G	A	T	T	A	C	C	G	T	A	G	G	C	G	A	G	A	G	T	A	G	G	T	G	A
#275	disease	C	T	T	G	C	G	C	C	C	A	G	C	T	T	T	A	C	T	C	A	A	A	T	A	A	T	C	G	T	T	C	T	T	G	G	C	A	A	A	C	A	G	A	G	T	A	G	C	A	G	T	T	G	A	G	A	A	T	A	T	A	A	G	G	G	A	G	C	A	G	A	C	G	C	T	A	A	A	C	C	A	C	A	T	T	T	T	C	G	C	T	G	C	G	C	A	T	C	G	T
#276	disease	A	A	A	A	C	A	C	A	C	C	C	G	A	C	G	G	T	T	C	A	A	T	A	G	G	A	G	A	A	T	G	G	T	C	A	C	C	A	T	G	A	T	T	A	A	A	A	A	T	A	G	G	G	T	A	G	T	G	A	C	C	A	A	T	C	A	A	T	C	T	G	G	G	C	A	G	G	A	C	C	C	C	T	C	T	T	C	G	T	C	T	C	G	C	C	A	A	C	G	G
#277	disease	G	T	A	G	A	A	G	T	A	C	G	C	G	G	T	G	A	C	A	T	C	C	C	T	T	T	G	T	T	G	C	C	C	C	A	G	C	C	T	C	C	G	G	A	C	A	A	T	C	T	T	T	G	A	A	G	G	G	T	A	A	T	C	T	G	T	C	A	C	G	A	A	C	G	G	C	C	C	G	A	C	C	C	G	A	G	C	G	A	C	C	G	A	C	C	G	T	G	A	C
#278	disease	T	A	A	A	T	C	T	G	G	G	T	T	T	A	T	A	G	C	T	C	C	A	T	T	G	G	T	T	A	C	C	A	G	T	A	C	T	G	T	T	T	T	T	C	G	T	T	A	T	A	A	C	C	G	G	G	C	G	C	T	A	G	T	C	T	A	T	C	C	C	T	A	C	G	C	A	C	T	A	C	A	C	G	C	C	G	C	T	A	G	T	T	C	C	C	C	C	A	C	C
#279	healthy	T	A	G	C	T	A	A	A	C	C	C	A	T	T	A	A	G	T	T	G	A	A	G	A	G	C	T	T	G	C	G	A	G	T	A	A	G	A	C	A	A	G	C	C	A	T	A	G	C	A	C	T	C	T	A	T	C	T	C	T	A	T	C	A	T	G	T	G	G	C	G	C	G	A	A	A	A	A	A	A	A	A	C	C	A	G	G	C	A	G	A	T	C	G	T	G	C	G	A	A
#280	disease	A	G	G	A	G	C	C	A	C	A	T	A	T	C	C	C	A	A	T	T	G	G	C	A	T	A	C	C	A	G	A	C	T	A	G	G	A	T	T	G	T	T	C	T	C	T	T	A	T	A	A	G	T	T	T	C	T	C	T	G	C	T	T	G	T	T	C	A	A	G	C	G	G	C	T	C	A	C	A	T	T	G	A	C	A	G	A	T	T	A	A	C	G	G	T	A	T	G	T	G
#281	disease	G	A	G	G	G	A	T	A	A	T	C	A	C	A	T	C	C	C	A	C	G	C	G	G	T	T	C	G	C	A	T	G	G	G	A	T	T	C	G	T	T	G	A	A	A	A	C	T	C	A	A	G	A	C	T	A	C	G	C	T	G	G	C	T	G	T	A	C	G	A	C	T	T	C	A	A	A	C	G	A	C	T	A	A	C	C	A	C	A	T	C	G	T	T	T	G	T	C	T	T
#282	disease	A	A	T	C	T	C	A	T	T	A	A	A	T	A	C	C	G	G	T	C	T	T	C	T	A	G	A	G	A	G	T	G	C	T	T	A	G	C	C	T	A	A	C	T	G	G	G	G	C	A	A	G	C	C	C	G	G	G	T	G	C	C	T	A	A	T	C	A	A	A	T	A	A	G	T	T	C	G	A	C	A	T	T	A	G	A	C	C	T	T	A	G	C	C	T	T	A	G	T	C
#283	disease	A	T	G	C	C	A	C	T	T	A	G	G	A	T	T	G	A	C	T	A	A	G	A	T	G	C	T	T	T	G	T	A	T	T	T	G	G	C	C	T	T	G	A	T	A	A	A	G	G	A	A	A	T	G	C	A	G	G	T	A	C	G	C	T	C	A	T	G	C	C	T	T	G	G	G	G	G	A	C	G	A	G	A	T	A	T	A	C	G	T	T	G	C	A	A	T	A	G	G	C
#284	disease	A	T	A	T	T	G	A	T	C	T	G	C	G	C	T	A	A	G	T	T	G	G	A	G	C	C	G	T	C	C	A	T	G	A	G	T	T	T	A	A	A	C	G	C	T	G	A	C	C	T	C	C	C	C	C	G	T	A	C	T	G	A	G	G	A	A	C	C	T	G	A	G	C	G	T	G	A	G	G	T	G	T	G	C	G	G	A	C	G	A	A	A	G	C	C	G	T	C	C	A
#285	disease	T	A	C	C	T	C	G	A	G	G	A	G	A	G	T	A	G	A	C	C	C	C	A	A	G	G	G	G	A	C	A	C	T	G	G	G	T	T	G	T	T	C	G	C	T	A	G	G	G	C	T	A	A	C	T	C	C	C	C	C	C	T	G	T	T	A	T	C	A	T	A	T	A	T	C	G	C	T	G	T	C	C	G	A	C	A	A	A	C	A	T	T	A	T	A	T	A	A	T	T
#286	disease	T	A	G	T	A	C	G	G	C	G	G	G	G	G	C	G	C	G	C	A	T	G	A	T	G	A	C	T	A	T	G	A	G	A	T	G	A	C	A	T	C	G	A	C	T	A	C	A	T	A	A	G	T	A	T	A	A	T	G	A	T	G	G	C	G	T	A	C	G	G	A	C	C	G	T	G	A	A	G	T	C	A	C	C	C	G	G	T	T	C	A	G	T	G	C	C	G	T	A	T
#287	disease	T	A	T	A	G	T	T	T	T	C	T	G	A	C	G	G	C	T	G	T	C	G	G	G	G	G	G	A	A	A	A	T	T	T	G	G	T	A	G	A	T	G	C	A	T	G	G	G	C	C	T	C	A	A	A	G	A	A	G	G	A	T	A	C	G	G	G	C	C	T	G	G	G	T	C	A	G	G	T	A	C	C	A	T	C	A	T	G	C	A	G	A	A	G	C	A	C	G	T	C
#288	disease	A	C	T	G	G	T	A	T	T	C	G	G	T	G	A	G	G	C	A	G	T	T	G	G	G	T	G	G	A	A	C	A	C	A	A	A	T	T	T	C	T	T	A	C	G	A	A	C	C	C	C	C	C	T	C	A	A	A	A	A	A	A	C	A	C	A	A	G	A	C	G	T	T	C	C	A	T	C	G	A	C	T	C	T	G	G	G	C	C	C	C	C	T	A	A	G	T	A	T	T
#289	disease	T	T	A	G	G	G	A	G	T	C	A	T	C	C	C	C	C	C	A	T	A	T	C	T	C	T	C	A	T	G	A	G	A	G	T	C	G	G	T	T	A	C	C	T	G	C	A	C	C	G	C	C	T	A	A	A	A	T	G	C	T	G	A	T	T	C	C	G	A	G	T	G	G	G	G	C	C	G	G	T	G	G	T	G	T	A	C	A	C	C	T	C	C	T	T	C	G	A	A	G
#290	disease	C	C	C	A	G	C	C	G	C	T	C	C	T	C	C	T	C	A	T	C	G	T	G	G	G	G	G	C	A	C	C	T	A	C	C	T	G	G	T	T	A	C	A	A	G	C	G	A	C	A	C	C	G	G	C	C	G	G	T	A	C	G	C	G	A	T	C	C	G	T	T	G	A	C	A	A	C	A	T	T	G	C	T	C	A	C	T	A	C	A	T	C	A	T	C	G	A	G	G	T
#291	disease	T	C	C	T	T	A	C	G	G	G	G	C	T	G	G	C	T	A	G	G	T	G	T	A	T	C	T	G	A	T	C	C	C	G	T	A	C	C	G	T	G	G	C	A	G	C	G	G	T	A	C	A	G	A	T	C	G	C	G	C	T	T	G	A	T	A	C	A	C	G	T	C	C	C	T	G	G	C	T	T	A	C	T	A	G	T	C	T	A	C	C	T	C	A	C	T	C	G	A	T
#292	disease	G	C	C	T	G	G	T	C	G	C	G	A	C	A	G	A	G	C	C	A	G	T	T	T	G	A	G	A	G	C	C	A	A	G	C	C	A	G	C	T	G	C	T	T	G	A	G	T	G	T	T	C	A	G	G	C	C	T	T	T	T	A	A	A	G	T	T	C	T	A	G	T	C	C	T	A	G	T	C	G	A	G	G	C	A	A	A	A	A	A	C	A	G	C	T	C	A	T	T	C
#293	disease	T	G	A	C	C	G	C	T	A	A	A	T	G	G	C	C	A	A	A	A	T	T	G	G	G	G	C	C	A	T	G	G	A	C	A	G	T	C	T	A	A	C	G	T	T	G	C	T	C	A	A	G	G	A	A	G	T	A	C	G	C	C	A	C	C	G	A	C	G	G	G	G	A	A	A	T	G	C	G	T	G	T	A	G	G	T	A	T	C	G	G	C	T	C	G	G	A	T	A	A
#294	disease	T	G	T	A	T	C	C	C	G	C	C	A	T	A	G	C	T	A	G	A	C	G	T	G	T	T	T	A	A	C	A	T	G	C	A	T	C	T	G	A	G	C	G	A	G	C	A	G	G	T	C	A	T	T	G	C	A	C	A	A	C	C	T	G	G	T	A	G	C	T	T	A	A	C	T	C	C	T	C	C	C	G	A	T	G	T	G	G	C	G	C	C	C	A	A	A	T	A	G	G
#295	disease	C	T	A	T	A	T	G	T	G	T	G	T	A	T	T	G	G	C	A	A	C	A	A	A	C	C	A	C	A	T	A	A	A	C	C	G	G	A	T	A	G	A	A	G	G	G	A	G	C	A	T	G	A	C	C	T	G	A	C	C	G	C	G	G	A	T	T	T	G	C	G	A	G	C	G	C	T	T	A	A	G	G	G	T	C	A	A	C	T	A	G	C	G	G	C	C	T	T	T	C
#296	disease	T	C	G	A	A	T	A	G	C	C	C	C	A	C	T	G	T	A	A	T	T	A	T	T	T	A	C	T	G	A	T	A	A	T	T	A	A	T	A	A	A	A	G	T	A	A	C	T	T	G	G	G	T	T	G	C	A	G	A	A	T	G	T	C	A	C	G	G	A	A	T	A	T	C	C	A	C	G	A	C	G	G	G	A	G	A	C	G	A	T	T	T	T	G	C	G	C	A	A	G
#297	disease	G	A	T	T	T	T	A	C	T	G	C	A	C	A	C	C	G	C	C	G	C	T	T	A	G	G	C	T	A	C	T	T	G	C	G	G	G	G	G	T	C	A	G	A	T	A	T	G	G	T	A	C	G	A	T	A	G	T	C	A	C	A	A	A	C	T	T	G	T	T	T	A	C	T	G	G	G	T	T	C	T	C	C	C	G	A	A	A	A	C	C	G	A	C	G	T	G	A	T	C
#298	disease	G	G	C	A	T	T	C	T	G	C	G	G	G	A	C	T	A	C	G	T	C	T	A	A	A	T	C	A	C	A	G	T	G	A	T	T	C	T	A	A	G	A	T	A	G	C	T	A	T	C	C	G	C	T	C	T	A	T	C	T	A	C	T	A	G	G	C	T	G	T	G	T	C	T	A	A	G	G	C	C	A	C	G	G	A	G	A	T	G	C	T	T	C	T	C	T	C	T	G	A
#299	disease	G	A	G	T	T	C	G	A	C	A	G	C	A	A	T	T	C	C	A	T	C	G	T	C	A	C	C	A	C	C	T	A	C	C	T	G	T	G	G	G	G	G	C	T	C	C	A	C	T	G	T	A	T	T	T	T	T	T	C	A	G	C	G	C	A	A	G	C	A	A	A	A	C	A	C	A	T	A	A	G	T	C	T	C	A	C	C	A	T	C	A	A	A	A	A	G	C	C	C	C
